Workbook

Sheet Geral
A2: PROTEÍNAS CLIENTE | B2: ESTOQUE | C2: MEDIDA | D2: VALOR (R$) | E2: TOTAL (R$) | F2: PEDIDO | G2: VALOR DO PEDIDO | H2: MERCEARIA | I2: ESTOQUE | J2: MEDIDA | K2: VALOR (R$) | L2: TOTAL (R$) | M2: PEDIDO | N2: VALOR DO PEDIDO | O2: CONGELADOS | P2: ESTOQUE | Q2: MEDIDA | R2: VALOR (R$) | S2: TOTAL (R$) | T2: PEDIDO | U2: VALOR DO PEDIDO | V2: DESCARTÁVEIS | W2: ESTOQUE | X2: MEDIDA | Y2: VALOR (R$) | Z2: TOTAL (R$) | AA2: PEDIDO | AB2: VALOR DO PEDIDO
A3: ACEM | B3: 16.3 | C3: KG | D3: 30.59 | E3: =B3*D3 -> 498.617 | F3: 0 | G3: =PRODUCT(D3,F3) -> 0 | H3: AMENDOIM SEM CASCA | I3: 0 | J3: KG | K3: 20 | L3: =I3*K3 -> 0 | M3: 0 | N3: 0 | O3: AIPIM CONGELADO (1KG) | P3: 35.5 | Q3: KG | R3: 15 | S3: =P3*R3 -> 532.5 | T3: 0 | U3: =PRODUCT(R3,T3) -> 0 | V3: BOBINA PICOTADA (20X30) | W3: 1 | X3: UND | Y3: 34.9 | Z3: =W3*Y3 -> 34.9 | AA3: 0 | AB3: =Y3*AA3 -> 0
A4: ASA DE FRANGO | B4: 0 | C4: KG | D4: 11.98 | E4: =B4*D4 -> 0 | F4: 0 | G4: =PRODUCT(D4,F4) -> 0 | H4: ABACAXI EM CONSERVA (400g) | I4: 0 | J4: UND | K4: 7.98 | L4: =I4*K4 -> 0 | M4: 0 | N4: =PRODUCT(K4,M4) -> 0 | O4: BATATA CONGELADA | P4: 49.12 | Q4: KG | R4: 13.38 | S4: =P4*R4 -> 657.2256 | T4: 0 | U4: =PRODUCT(R4,T4) -> 0 | V4: BOBINA PICOTADA (30X40) | W4: 5 | X4: UND | Y4: 66.49 | Z4: =W4*Y4 -> 332.45 | AA4: 0 | AB4: =Y4*AA4 -> 0
A5: BOMBOM DA ALCATRA | B5: 13.3 | C5: KG | D5: 69.66 | E5: =B5*D5 -> 926.478 | F5: 0 | G5: =PRODUCT(D5,F5) -> 0 | H5: ACETO BALSAMICO (500ml) | I5: 1 | J5: UND | K5: 12.9 | L5: =I5*K5 -> 12.9 | M5: 0 | N5: =PRODUCT(K5,M5) -> 0 | O5: ERVILHA CONGELADA | P5: 5.5 | Q5: KG | R5: 12.88 | S5: =P5*R5 -> 70.84 | T5: 0 | U5: 0 | V5: BOBINA PICOTADA (40X60) | W5: 2 | X5: UND | Y5: 42.53 | Z5: =W5*Y5 -> 85.06 | AA5: 0 | AB5: =Y5*AA5 -> 0
A6: BARRIGA MANTA | B6: 0 | C6: KG | D6: 0 | E6: =B6*D6 -> 0 | F6: 0 | G6: 0 | H6: BATATA PALHA | I6: 0 | J6: KG | K6: 5.19 | L6: =I6*K6 -> 0 | M6: 0 | N6: =PRODUCT(K6,M6) -> 0 | O6: MASSA PASTEL | P6: 50 | Q6: KG | R6: 7 | S6: =P6*R6 -> 350 | T6: 0 | U6: =PRODUCT(R6,T6) -> 0 | V6: BOBINA 29G 8X250mts | W6: 0 | X6: CX | Y6: 85.09 | Z6: =W6*Y6 -> 0 | AA6: 0 | AB6: =Y6*AA6 -> 0
A7: BARRIGA SUÍNA | B7: 20.45 | C7: KG | D7: 15.52 | E7: =B7*D7 -> 317.384 | F7: 0 | G7: =PRODUCT(D7,F7) -> 0 | H7: AÇUCAR REFINADO (1kg) | I7: 17 | J7: KG | K7: 3.35 | L7: =I7*K7 -> 56.95 | M7: 0 | N7: =PRODUCT(K7,M7) -> 0 | P7: 0 | Q7: KG | R7: 0 | S7: =P7*R7 -> 0 | T7: 0 | U7: =PRODUCT(R7,T7) -> 0 | V7: BOBINA TÉRMICA | W7: 2 | X7: CX | Y7: 98.9 | Z7: =W7*Y7 -> 197.8 | AA7: 0 | AB7: 0
A8: CARNE SECA LAGARTO | B8: 15 | C8: KG | D8: 47.9 | E8: =B8*D8 -> 718.5 | F8: 0 | G8: =PRODUCT(D8,F8) -> 0 | H8: AÇUCAR SACHÊ (2kg) | I8: 1 | J8: CX | K8: 17.29 | L8: =I8*K8 -> 17.29 | M8: 0 | N8: =PRODUCT(K8,M8) -> 0 | O8: GELO ESCAMA | P8: 31 | Q8: UND | R8: 10 | S8: =P8*R8 -> 310 | T8: 0 | U8: =PRODUCT(R8,T8) -> 0 | V8: CANUDO | W8: 8 | X8: PCT | Y8: 13.64 | Z8: =W8*Y8 -> 109.12 | AA8: 0 | AB8: =Y8*AA8 -> 0
A9: CARRÉ | B9: 0 | C9: KG | D9: 13.8 | E9: =B9*D9 -> 0 | F9: 0 | G9: =PRODUCT(D9,F9) -> 0 | H9: ADOÇANTE SACHÊ (2kg) | I9: 3 | J9: CX | K9: 74.05 | L9: =I9*K9 -> 222.15 | M9: 0 | N9: =PRODUCT(K9,M9) -> 0 | O9: GELO CUBO | P9: 15 | Q9: UND | R9: 10 | S9: =P9*R9 -> 150 | T9: 0 | U9: =PRODUCT(R9,T9) -> 0 | V9: MAÇARICO | W9: 1 | X9: UND | Y9: 29.9 | Z9: =W9*Y9 -> 29.9 | AA9: 0 | AB9: =Y9*AA9 -> 0
A10: CARNE MOÍDA ACÉM | B10: 15.35 | C10: KG | D10: 35.95 | E10: =B10*D10 -> 551.8325 | F10: 0 | G10: =PRODUCT(D10,F10) -> 0 | H10: AMIDO DE MILHO | I10: 0 | J10: KG | K10: 7 | L10: =I10*K10 -> 0 | M10: 0 | N10: =PRODUCT(K10,M10) -> 0 | V10: COLHER DESCARTÁVEL (C/200) | W10: 0 | X10: UND | Y10: 9.2 | Z10: =W10*Y10 -> 0 | AA10: 0 | AB10: =Y10*AA10 -> 0
A11: CARNE MOÍDA PEITO BOVINO | B11: 0 | C11: KG | D11: 0 | E11: =B11*D11 -> 0 | F11: 0 | G11: =PRODUCT(D11,F11) -> 0 | H11: ARROZ PARBOILIZADO | I11: 55 | J11: KG | K11: 3.92 | L11: =I11*K11 -> 215.6 | M11: 0 | N11: =PRODUCT(K11,M11) -> 0 | O11: TOTAL CONGELADOS: | S11: =SUM(S3:S9) -> 2070.5656 | U11: =SUM(U4:U6) -> 0 | V11: COPO DESCARTÁVEL (300ml) (pcts) | W11: 1 | X11: CX | Y11: 170.9 | Z11: =W11*Y11 -> 170.9 | AA11: 0 | AB11: =Y11*AA11 -> 0
A12: BUCHO | B12: 0 | C12: KG | D12: 13.64 | E12: =B12*D12 -> 0 | F12: 0 | G12: 0 | H12: AZEITE DE DENDE | I12: 8 | J12: UND | K12: 12.28 | L12: =I12*K12 -> 98.24 | M12: 0 | N12: =PRODUCT(K12,M12) -> 0 | V12: COPO DESCARTÁVEL (400ml) (pcts) | W12: 0 | X12: UND | Y12: 13.3 | Z12: =W12*Y12 -> 0 | AA12: 0 | AB12: =Y12*AA12 -> 0
A13: PERNIL | B13: 1.08 | C13: KG | D13: 13.9 | E13: =B13*D13 -> 15.012 | F13: 0 | G13: =PRODUCT(D13,F13) -> 0 | H13: AZEITE EXTRA VIRGEM (5lts) | I13: 1 | J13: UND | K13: 197.9 | L13: =I13*K13 -> 197.9 | M13: 0 | N13: =PRODUCT(K13,M13) -> 0 | O13: LATICÍNIOS | P13: ESTOQUE | Q13: MEDIDA | R13: VALOR (R$) | S13: TOTAL (R$) | T13: PEDIDO | U13: VALOR DO PEDIDO | V13: COPO DESCARTÁVEL (50ml) (pcts) | W13: 0 | X13: UND | Y13: 0 | Z13: =W13*Y13 -> 0 | AA13: 0 | AB13: =Y13*AA13 -> 0
A14: CONTRA FILÉ | B14: 11.5 | C14: KG | D14: 47.87 | E14: =B14*D14 -> 550.505 | F14: 0 | G14: =PRODUCT(D14,F14) -> 0 | H14: AZEITE EXTRA VIRGEM SACHÊ (180und.) | I14: 0 | J14: CX | K14: 49.5 | L14: =I14*K14 -> 0 | M14: 0 | N14: =PRODUCT(K14,M14) -> 0 | O14: CHOCOLATE MEIO AMARGO (NESTLE) (1KG) | P14: 0 | Q14: KG | R14: 68.21 | S14: =P14*R14 -> 0 | T14: 0 | U14: =PRODUCT(R14,T14) -> 0 | V14: COPO DESCARTÁVEL (25ml) (pcts) | W14: 0 | X14: UND | Y14: 0 | Z14: =W14*Y14 -> 0 | AA14: 0 | AB14: =Y14*AA14 -> 0
A15: COSTELA SALGADA | B15: 10 | C15: KG | D15: 17.38 | E15: =B15*D15 -> 173.8 | F15: 0 | G15: =PRODUCT(D15,F15) -> 0 | H15: AZEITE EXTRA VIRGEM O-LIVE (500ml) | I15: 17 | J15: UND | K15: 26.49 | L15: =I15*K15 -> 450.33 | M15: 0 | N15: =PRODUCT(K15,M15) -> 0 | O15: CHOCOLATE AO LEITE | P15: 0 | Q15: KG | R15: 0 | S15: =P15*R15 -> 0 | T15: 0 | U15: =PRODUCT(R15,T15) -> 0 | V15: DEDEIRA | W15: 0 | X15: PCT | Y15: 0 | Z15: =W15*Y15 -> 0 | AA15: 0 | AB15: =Y15*AA15 -> 0
A16: COXA E SOBRECOXA SEM OSSO | B16: 29.85 | C16: KG | D16: 7.42 | E16: =B16*D16 -> 221.487 | F16: 0 | G16: =PRODUCT(D16,F16) -> 0 | H16: AZEITONA SEM CAROÇO 2KG | I16: 2 | J16: UND | K16: 56.9 | L16: =I16*K16 -> 113.8 | M16: 0 | N16: =PRODUCT(K16,M16) -> 0 | O16: CHOCOLATE MARFIM | P16: 0 | Q16: KG | R16: 0 | S16: =P16*R16 -> 0 | T16: 0 | U16: =PRODUCT(R16,T16) -> 0 | V16: ETIQUETA LISA | W16: 0 | X16: UND | Y16: 19 | Z16: =W16*Y16 -> 0 | AA16: 0 | AB16: =Y16*AA16 -> 0
A17: COXÃO MOLE | B17: 0 | C17: KG | D17: 36.59 | E17: =B17*D17 -> 0 | F17: 0 | G17: 0 | H17: AZEITONA VERDE | I17: 0 | J17: KG | K17: 25.45 | L17: =I17*K17 -> 0 | M17: 0 | N17: =PRODUCT(K17,M17) -> 0 | O17: CREAM CHEESE (1,2kg) | P17: 0 | Q17: KG | R17: 20 | S17: =P17*R17 -> 0 | T17: 0 | U17: =PRODUCT(R17,T17) -> 0 | V17: ETIQUETA USAR PRIMEIRO | W17: 0 | X17: UND | Y17: 25 | Z17: =W17*Y17 -> 0 | AA17: 0 | AB17: =Y17*AA17 -> 0
A18: COSTELA BOVINA | B18: 3.55 | C18: KG | D18: 20.71 | E18: =B18*D18 -> 73.5205 | F18: 0 | G18: =PRODUCT(D18,F18) -> 0 | H18: CAFÉ FUNCIONÁRIO (500g) | I18: 1 | J18: KG | K18: 57.11 | L18: =I18*K18 -> 57.11 | M18: 0 | N18: =PRODUCT(K18,M18) -> 0 | O18: CHEDDAR FATIADO | P18: 0 | Q18: KG | R18: 36.5 | S18: =P18*R18 -> 0 | T18: 0 | U18: 0 | V18: ETIQUETA RASTREABILIDADE (60X40) (C/1000) | W18: 0 | X18: UND | Y18: 70 | Z18: =W18*Y18 -> 0 | AA18: 0 | AB18: =Y18*AA18 -> 0
A19: DRUMET | B19: 0 | C19: KG | D19: 9.76 | E19: =B19*D19 -> 0 | F19: 0 | G19: =PRODUCT(D19,F19) -> 0 | H19: CHAMPIGNON | I19: 0 | J19: KG | K19: 38.49 | L19: =I19*K19 -> 0 | M19: 0 | N19: =PRODUCT(K19,M19) -> 0 | O19: CREME DE LEITE | P19: 13 | Q19: UND | R19: 12.89 | S19: =P19*R19 -> 167.57 | T19: 0 | U19: =PRODUCT(R19,T19) -> 0 | V19: ETIQUETA SEGURANÇA ALIMENTAR | W19: 0 | X19: UND | Y19: 38 | Z19: =W19*Y19 -> 0 | AA19: 0 | AB19: =Y19*AA19 -> 0
A20: FIGADO | B20: 0 | C20: KG | D20: 8.43 | E20: =B20*D20 -> 0 | F20: 0 | G20: =PRODUCT(D20,F20) -> 0 | H20: CAFÉ CAPSULA | I20: 129 | J20: KG | K20: 2.35 | L20: =I20*K20 -> 303.15 | M20: 0 | N20: =PRODUCT(K20,M20) -> 0 | O20: LEITE INTEGRAL (1lts) | P20: 15 | Q20: UND | R20: 5.7 | S20: =P20*R20 -> 85.5 | T20: 0 | U20: =PRODUCT(R20,T20) -> 0 | V20: ETIQUETA DE VALIDADE | W20: 0 | X20: UND | Y20: 43.6 | Z20: =W20*Y20 -> 0 | AA20: 0 | AB20: 0
A21: FILÉ MIGNON | B21: 0 | C21: KG | D21: 0 | E21: =B21*D21 -> 0 | F21: 0 | G21: =PRODUCT(D21,F21) -> 0 | H21: CALDO DE CARNE | I21: 3 | J21: KG | K21: 9.59 | L21: =I21*K21 -> 28.77 | M21: 0 | N21: =PRODUCT(K21,M21) -> 0 | O21: LEITE DE COCO | P21: 7 | Q21: UND | R21: 19.63 | S21: =P21*R21 -> 137.41 | T21: 0 | U21: =PRODUCT(R21,T21) -> 0 | V21: ESPETO PARA CHURRASCO (pcts) | W21: 11 | X21: PCT | Y21: 5.2 | Z21: =W21*Y21 -> 57.2 | AA21: 0 | AB21: =Y21*AA21 -> 0
A22: ORELHA DE PORCO | B22: 11.35 | C22: KG | D22: 8.83 | E22: =B22*D22 -> 100.2205 | F22: 0 | G22: =PRODUCT(D22,F22) -> 0 | H22: CALDO DE GALINHA (1,01kg) | I22: 3.75 | J22: KG | K22: 9.59 | L22: =I22*K22 -> 35.9625 | M22: 0 | N22: =PRODUCT(K22,M22) -> 0 | O22: LEITE CONDENSADO (395ml) | P22: 9 | Q22: UND | R22: 5.69 | S22: =P22*R22 -> 51.21 | T22: 0 | U22: =PRODUCT(R22,T22) -> 0 | V22: EMBALAGEM 30ml | W22: 0 | X22: UND | Y22: 162 | Z22: =W22*Y22 -> 0 | AA22: 0 | AB22: =Y22*AA22 -> 0
A23: GARGANTA SALGADA | B23: 0 | C23: KG | D23: 5.5 | E23: =B23*D23 -> 0 | F23: 0 | G23: =PRODUCT(D23,F23) -> 0 | H23: CAPSULA DE CHANTILY | I23: 11 | J23: UND | K23: 21.98 | L23: =I23*K23 -> 241.78 | M23: 0 | N23: =PRODUCT(K23,M23) -> 0 | O23: LEITE CONDENSADO (2,6kg) | P23: 0 | Q23: KG | R23: 11.12 | S23: =P23*R23 -> 0 | T23: 0 | U23: =PRODUCT(R23,T23) -> 0 | V23: EMBALAGEM 250ML | W23: 0 | X23: UND | Y23: 0.60513888 | Z23: =W23*Y23 -> 0 | AA23: 0 | AB23: =Y23*AA23 -> 0
A24: LAGARTO | B24: 0 | C24: KG | D24: 31.79 | E24: =B24*D24 -> 0 | F24: 0 | G24: =PRODUCT(D24,F24) -> 0 | H24: CHIMICHURRI | I24: 0 | J24: KG | K24: 45 | L24: =I24*K24 -> 0 | M24: 0 | N24: =PRODUCT(K24,M24) -> 0 | O24: MANTEIGA DE GARRAFA 460KG | P24: 0 | Q24: KG | R24: 28 | S24: =P24*R24 -> 0 | T24: 0 | U24: =PRODUCT(R24,T24) -> 0 | V24: EMBALAGEM 500ml (PRAFESTA) | W24: 0 | X24: CX | Y24: 75.31 | Z24: =W24*Y24 -> 0 | AA24: 0 | AB24: =Y24*AA24 -> 0
A25: LOMBO SUÍNO SALGADO | B25: 4.3 | C25: KG | D25: 17.65 | E25: =B25*D25 -> 75.895 | F25: 0 | G25: =PRODUCT(D25,F25) -> 0 | H25: EMULSIFICANTE | I25: 3 | J25: KG | K25: 25.42 | L25: =I25*K25 -> 76.26 | M25: 0 | N25: =PRODUCT(K25,M25) -> 0 | O25: MANTEIGA COM SAL | P25: 0 | Q25: KG | R25: 32.4 | S25: =P25*R25 -> 0 | T25: 0 | U25: =PRODUCT(R25,T25) -> 0 | V25: EMBALAGEM 750ML (PRA FESTA) C/24 | W25: 3 | X25: PCT | Y25: 34.68 | Z25: =W25*Y25 -> 104.04 | AA25: 0 | AB25: =Y25*AA25 -> 0
A26: MOCOTÓ | B26: 0 | C26: KG | D26: 7.88 | E26: =B26*D26 -> 0 | F26: 0 | G26: =PRODUCT(D26,F26) -> 0 | H26: ERVILHA SECA | I26: 2 | J26: KG | K26: 5.9 | L26: =I26*K26 -> 11.8 | M26: 0 | N26: =PRODUCT(K26,M26) -> 0 | O26: MANTEIGA SEM SAL | P26: 0 | Q26: KG | R26: 24 | S26: =P26*R26 -> 0 | T26: 0 | U26: =PRODUCT(R26,T26) -> 0 | V26: EMBALAGEM ALUMINIO 500ML (P1380) | W26: 0 | X26: UND | Y26: 0.81 | Z26: =W26*Y26 -> 0 | AA26: 0 | AB26: =Y26*AA26 -> 0
A27: MÚSCULO | B27: 0 | C27: KG | D27: 26.86 | E27: =B27*D27 -> 0 | F27: 0 | G27: =PRODUCT(D27,F27) -> 0 | H27: EXTRATO DE TOMATE | I27: 2 | J27: KG | K27: 23.99 | L27: =I27*K27 -> 47.98 | M27: 0 | N27: =PRODUCT(K27,M27) -> 0 | O27: MARGARINA QUALY (500g) | P27: 16 | Q27: KG | R27: 7.98 | S27: =P27*R27 -> 127.68 | T27: 0 | U27: =PRODUCT(R27,T27) -> 0 | V27: EMBALAGEM ALUMINIO 750ML | W27: 0 | X27: CX | Y27: 167 | Z27: =W27*Y27 -> 0 | AA27: 0 | AB27: =Y27*AA27 -> 0
A28: PÉ DE PORCO | B28: 5.75 | C28: KG | D28: 9.7 | E28: =B28*D28 -> 55.775 | F28: 0 | G28: =PRODUCT(D28,F28) -> 0 | H28: FARINHA DE MANDIOCA (1kg) | I28: 19 | J28: KG | K28: 5.37 | L28: =I28*K28 -> 102.03 | M28: 0 | N28: =PRODUCT(K28,M28) -> 0 | O28: MUSSARELA FATIADA | P28: 0 | Q28: KG | R28: 33.98 | S28: =P28*R28 -> 0 | T28: 0 | U28: =PRODUCT(R28,T28) -> 0 | V28: FILME PVC (28X300) | W28: 1 | X28: UND | Y28: 28.2 | Z28: =W28*Y28 -> 28.2 | AA28: 0 | AB28: =Y28*AA28 -> 0
A29: PEITO DE FRANGO | B29: 18.7 | C29: KG | D29: 12.84 | E29: =B29*D29 -> 240.108 | F29: 0 | G29: =PRODUCT(D29,F29) -> 0 | H29: FARINHA PANKO (1kg) | I29: 27 | J29: KG | K29: 16.2 | L29: =I29*K29 -> 437.4 | M29: 0 | N29: =PRODUCT(K29,M29) -> 0 | O29: MUSSARELA RALADA | P29: 0 | Q29: KG | R29: 33.98 | S29: =P29*R29 -> 0 | T29: 0 | U29: =PRODUCT(R29,T29) -> 0 | V29: FILME PVC (40cm) | W29: 0 | X29: UND | Y29: 76.2 | Z29: =W29*Y29 -> 0 | AA29: 0 | AB29: =Y29*AA29 -> 0
A30: LOMBO SUÍNO | B30: 0 | C30: KG | D30: 18.9 | E30: =B30*D30 -> 0 | F30: 0 | G30: =PRODUCT(D30,F30) -> 0 | H30: FARINHA DE ROSCA (1kg) | I30: 0 | J30: KG | K30: 4.1 | L30: =I30*K30 -> 0 | M30: 0 | N30: 0 | O30: MUSSARELA COMUM | P30: 10.62 | Q30: KG | R30: 33.98 | S30: =P30*R30 -> 360.8676 | T30: 0 | U30: =PRODUCT(R30,T30) -> 0 | V30: FOSFORO | W30: 0 | X30: UND | Y30: 4.23 | Z30: =W30*Y30 -> 0 | AA30: 0 | AB30: =Y30*AA30 -> 0
A31: TOUCINHO | B31: 26 | C31: KG | D31: 17.95 | E31: =B31*D31 -> 466.7 | F31: 0 | G31: =PRODUCT(D31,F31) -> 0 | H31: FARINHA DE ROSCA (5kg) | I31: 1 | J31: KG | K31: 7.7 | L31: =I31*K31 -> 7.7 | M31: 0 | N31: =PRODUCT(K31,M31) -> 0 | O31: PARMESÃO COZINHA | P31: 4 | Q31: KG | R31: 45.5 | S31: =P31*R31 -> 182 | T31: 0 | U31: =PRODUCT(R31,T31) -> 0 | V31: GÁS PARA MAÇARICO | W31: 27 | X31: UND | Y31: 13.45 | Z31: =W31*Y31 -> 363.15 | AA31: 0 | AB31: =Y31*AA31 -> 0
A32: RABADA | B32: 0 | C32: KG | D32: 16.45 | E32: =B32*D32 -> 0 | F32: 0 | G32: =PRODUCT(D32,F32) -> 0 | H32: FARINHA DE TRIGO (1kg) | I32: 19 | J32: KG | K32: 4.1 | L32: =I32*K32 -> 77.9 | M32: 0 | N32: =PRODUCT(K32,M32) -> 0 | O32: PRESUNTO COZIDO | P32: 3.5 | Q32: KG | R32: 19.5 | S32: =P32*R32 -> 68.25 | T32: 0 | U32: =PRODUCT(R32,T32) -> 0 | V32: GUARDANAPO CREP 29X29 | W32: 0 | X32: CX | Y32: 99 | Z32: =W32*Y32 -> 0 | AA32: 0 | AB32: =Y32*AA32 -> 0
H33: FEIJÃO BRANCO | I33: 0 | J33: KG | K33: 10.99 | L33: =I33*K33 -> 0 | M33: 0 | N33: =PRODUCT(K33,M33) -> 0 | O33: QUEIJO COALHO (2kg) | P33: 5.33 | Q33: KG | R33: 42 | S33: =P33*R33 -> 223.86 | T33: 0 | U33: =PRODUCT(R33,T33) -> 0 | V33: GUARDANAPO | W33: 0 | X33: CXS | Y33: 110.85 | Z33: =W33*Y33 -> 0 | AA33: 0 | AB33: =Y33*AA33 -> 0
E34: =SUM(E3:E32) -> 4985.8345 | G34: =SUM(G7:G32) -> 0 | H34: FEIJÃO FRADINHO | I34: 3 | J34: KG | K34: 6.98 | L34: =I34*K34 -> 20.94 | M34: 0 | N34: =PRODUCT(K34,M34) -> 0 | O34: QUEIJO DE CABRA | P34: 0 | Q34: KG | R34: 0 | S34: =P34*R34 -> 0 | T34: 0 | U34: =PRODUCT(R34,T34) -> 0 | V34: GUARDANAPO DADU | W34: 2 | X34: CX | Y34: 108.9 | Z34: =W34*Y34 -> 217.8 | AA34: 0 | AB34: =Y34*AA34 -> 0
H35: FEIJÃO VERMELHO | I35: 2 | J35: KG | K35: 8.69 | L35: =I35*K35 -> 17.38 | M35: 0 | N35: 0 | O35: QUEIJO CHEDDAR | P35: 5.6 | Q35: KG | R35: 36.5 | S35: =P35*R35 -> 204.4 | T35: 0 | U35: =PRODUCT(R35,T35) -> 0 | V35: GUARDANAPO SACHÊ (20x17) | W35: 0 | X35: PCT | Y35: 36.45 | Z35: =W35*Y35 -> 0 | AA35: 0 | AB35: =Y35*AA35 -> 0
A36: PROTEÍNAS FUNCIONÁRIO | B36: ESTOQUE | C36: MEDIDA | D36: VALOR (R$) | E36: TOTAL (R$) | F36: PEDIDO | G36: VALOR PEDIDO | H36: FEIJÃO PRETO (1kg) | I36: 19 | J36: KG | K36: 5.89 | L36: =I36*K36 -> 111.91 | M36: 0 | N36: =PRODUCT(K36,M36) -> 0 | O36: QUEIJO TROPICAL ORIENTE | P36: 0 | Q36: KG | R36: 45.5 | S36: =P36*R36 -> 0 | T36: 0 | U36: =PRODUCT(R36,T36) -> 0 | V36: LUVAS DE VINIL | W36: 4 | X36: CX | Y36: 26.5 | Z36: =W36*Y36 -> 106 | AA36: 0 | AB36: =Y36*AA36 -> 0
A37: COXA E SOBRECOXA | B37: 0 | C37: KG | D37: 7.38 | E37: =B37*D37 -> 0 | F37: 0 | G37: =D37*F37 -> 0 | H37: FÚBA | I37: 0 | J37: KG | K37: 3.5 | L37: =I37*K37 -> 0 | M37: 0 | N37: 0 | O37: QUEIJO PRATO GRAN NATO | P37: 0 | Q37: KG | R37: 29.98 | S37: =P37*R37 -> 0 | T37: 0 | U37: =PRODUCT(R37,T37) -> 0 | V37: MÁSCARA DESCARTÁVEL (PCT) | W37: 0 | X37: CX | Y37: 19.5 | Z37: =W37*Y37 -> 0 | AA37: 0 | AB37: =Y37*AA37 -> 0
A38: SALSICHA | B38: 0 | C38: KG | D38: 9.28 | E38: =B38*D38 -> 0 | F38: 0 | G38: =D38*F38 -> 0 | H38: FERMENTO (250g) | I38: 0 | J38: UND | K38: 19.75 | L38: =I38*K38 -> 0 | M38: 0 | N38: =PRODUCT(K38,M38) -> 0 | O38: QUEIJO PRATO FATIADO (150g) | P38: 0 | Q38: KG | R38: 27.49 | S38: =P38*R38 -> 0 | T38: 0 | U38: =PRODUCT(R38,T38) -> 0 | V38: PALITO DE BAMBU (9CM) | W38: 4 | X38: PCT | Y38: 18.49 | Z38: =W38*Y38 -> 73.96 | AA38: 0 | AB38: =Y38*AA38 -> 0
H39: GOIABADA 2,5 KG | I39: 3.69 | J39: UND | K39: 26.95 | L39: =I39*K39 -> 99.4455 | M39: 0 | N39: =PRODUCT(K39,M39) -> 0 | O39: QUEIJO PROVOLONE | P39: 0 | Q39: KG | R39: 29.5 | S39: =P39*R39 -> 0 | T39: 0 | U39: =PRODUCT(R39,T39) -> 0 | V39: PALITO DE CHURRASCO | W39: 0 | X39: PCT | Y39: 5.2 | Z39: =W39*Y39 -> 0 | AB39: =Y39*AA39 -> 0
A40: TOTAL PROTEÍNAS FUNCIONÁRIO: | E40: =SUM(E37,E38) -> 0 | G40: =SUM(G24:G37) -> 0 | H40: KETCHUP | I40: 2 | J40: UND | K40: 27.58 | L40: =I40*K40 -> 55.16 | M40: 0 | N40: =PRODUCT(K40,M40) -> 0 | O40: QUEIJO PARMESÃO | P40: 0 | Q40: KG | R40: 45.5 | S40: =P40*R40 -> 0 | T40: 0 | U40: =PRODUCT(R40,T40) -> 0 | V40: PALITO DE DENTE (CX) | W40: 1 | X40: UND | Y40: 14.29 | Z40: =W40*Y40 -> 14.29 | AA40: 0 | AB40: =Y40*AA40 -> 0
H41: KETCHUP SACHÊ (2kg) | I41: 4 | J41: CX | K41: 21.53 | L41: =I41*K41 -> 86.12 | M41: 0 | N41: =PRODUCT(K41,M41) -> 0 | O41: REQUEIJÃO | P41: 0 | Q41: KG | R41: 0 | S41: =P41*R41 -> 0 | T41: 0 | U41: =PRODUCT(R41,T41) -> 0 | V41: PAPEL ALUMINIO | W41: 1 | X41: UND | Y41: 49.56 | Z41: =W41*Y41 -> 49.56 | AA41: 0 | AB41: =Y41*AA41 -> 0
A42: PEIXES E FRUTOS DO MAR | B42: ESTOQUE | C42: MEDIDA | D42: VALOR (R$) | E42: TOTAL (R$) | F42: PEDIDO | G42: VALOR PEDIDO | H42: HONDASHI (500g) | I42: 6 | J42: KG | K42: 40.98 | L42: =I42*K42 -> 245.88 | M42: 0 | N42: =PRODUCT(K42,M42) -> 0 | O42: REQUEIJÃO CATUPIRY (1,5kg) | P42: 9.22 | Q42: KG | R42: 37.5 | S42: =P42*R42 -> 345.75 | T42: 0 | U42: =PRODUCT(R42,T42) -> 0 | V42: PAPEL MANTEIGA ZECA (35x35) (C/400) | W42: 7 | X42: UND | Y42: 93.71 | Z42: =W42*Y42 -> 655.97 | AA42: 0 | AB42: =Y42*AA42 -> 0
A43: BACALHAU | B43: 0 | C43: KG | D43: 82 | E43: =B43*D43 -> 0 | F43: 0 | G43: =PRODUCT(D43,F43) -> 0 | H43: GRÃO DE BICO | I43: 3 | J43: UND | K43: 13.2 | L43: =I43*K43 -> 39.6 | M43: 0 | N43: =PRODUCT(K43,M43) -> 0 | O43: MINAS PADRÃO | P43: 0 | Q43: KG | R43: 32.2 | S43: =P43*R43 -> 0 | T43: 0 | U43: =PRODUCT(R43,T43) -> 0 | V43: PAPEL ZECA 30x30 C 500 | W43: 0 | X43: PCT | Y43: 93.71 | Z43: =W43*Y43 -> 0 | AA43: 0 | AB43: =Y43*AA43 -> 0
A44: CAMARÃO CINZA SUJO | B44: 0 | C44: KG | D44: 0 | E44: =B44*D44 -> 0 | F44: 0 | G44: =PRODUCT(D44,F44) -> 0 | H44: MAIONESE (2,8kg) | I44: 1.8 | J44: UND | K44: 39.9 | L44: =I44*K44 -> 71.82 | M44: 0 | N44: =PRODUCT(K44,M44) -> 0 | O44: =PRODUCT(R44,T44) -> 0 | V44: POLIFLOR | W44: 0 | X44: UND | Y44: 0 | Z44: =W44*Y44 -> 0 | AA44: 0 | AB44: =Y44*AA44 -> 0
A45: CAMARÃO VANNAMEI (1561) | B45: 0 | C45: KG | D45: 20.9 | E45: =B45*D45 -> 0 | F45: 0 | G45: =PRODUCT(D45,F45) -> 0 | H45: MAIONESE SACHÊ (2kg) | I45: 3 | J45: CX | K45: 17 | L45: =I45*K45 -> 51 | M45: 0 | N45: =PRODUCT(K45,M45) -> 0 | O45: TOTAL TEMPEROS: | S45: =SUM(S14:S43) -> 1954.4976 | U45: =SUM(U30:U43) -> 0 | V45: RIBBON (SELADORA) | W45: 0 | X45: UND | Y45: 60 | Z45: =W45*Y45 -> 0 | AA45: 0 | AB45: =Y45*AA45 -> 0
A46: CAMARÃO (5160) | B46: 6.25 | C46: KG | D46: 68.9 | E46: =B46*D46 -> 430.625 | F46: 0 | G46: 0 | H46: MASSA SPAGHETTI N°5 | I46: 3 | J46: KG | K46: 4.96 | L46: =I46*K46 -> 14.88 | M46: 0 | N46: =PRODUCT(K46,M46) -> 0 | O46: =PRODUCT(R46,T46) -> 0 | V46: SACO DE AMOSTRA | W46: 0 | X46: UND | Y46: 46.28 | Z46: =W46*Y46 -> 0 | AA46: 0 | AB46: =Y46*AA46 -> 0
A47: CAMARÃO CINZA DESCASCADO (761) | B47: 0 | C47: KG | D47: 68.9 | E47: =B47*D47 -> 0 | F47: 0 | G47: =PRODUCT(D47,F47) -> 0 | H47: MASSA FUNCIONÁRIO (1kg) | I47: 2 | J47: KG | K47: 5.68 | L47: =I47*K47 -> 11.36 | M47: 0 | N47: =PRODUCT(K47,M47) -> 0 | O47: TEMPEROS E AFINS | P47: ESTOQUE | Q47: MEDIDA | R47: VALOR (R$) | S47: TOTAL (R$) | T47: PEDIDO | U47: VALOR DO PEDIDO | V47: SACO DE GELO (FARDO C/100) | W47: 0 | X47: UND | Y47: 0.64 | Z47: =W47*Y47 -> 0 | AA47: 0 | AB47: =Y47*AA47 -> 0
A48: FILÉ DE PANGA | B48: 5.3 | C48: KG | D48: 21.9 | E48: =B48*D48 -> 116.07 | F48: 0 | G48: =PRODUCT(D48,F48) -> 0 | H48: MEL (500g) | I48: 7 | J48: KG | K48: 23 | L48: =I48*K48 -> 161 | M48: 0 | N48: =PRODUCT(K48,M48) -> 0 | O48: AÇAFRÃO | P48: 0 | Q48: KG | R48: 19.95 | S48: =P48*R48 -> 0 | T48: 0 | U48: 0 | V48: SACO PARA TALHER (C/500) | W48: 4 | X48: PCT | Y48: 21.9 | Z48: =W48*Y48 -> 87.6 | AA48: 0 | AB48: 0
A49: FILÉ DE TILÁPIA | B49: 4.95 | C49: KG | D49: 41.5 | E49: =B49*D49 -> 205.425 | F49: 0 | G49: =PRODUCT(D49,F49) -> 0 | H49: MOLHO BARBECUE (1kg) | I49: 10 | J49: KG | K49: 13.5 | L49: =I49*K49 -> 135 | M49: 0 | N49: =PRODUCT(K49,M49) -> 0 | O49: ALECRIM | P49: 0 | Q49: KG | R49: 27.5 | S49: =P49*R49 -> 0 | T49: 0 | U49: 0 | V49: SACO PARA TALHER (C/1000) | W49: 0 | X49: UND | Y49: 43.9 | Z49: =W49*Y49 -> 0 | AA49: 0 | AB49: =Y49*AA49 -> 0
H50: MOLHO INGLÊS (1lts) | I50: 3 | J50: LTS | K50: 6.89 | L50: =I50*K50 -> 20.67 | M50: 0 | N50: =PRODUCT(K50,M50) -> 0 | O50: ANIS ESTRELADO | P50: 0.51 | Q50: KG | R50: 90 | S50: =P50*R50 -> 45.9 | T50: 0 | U50: 0 | V50: SACOLA PLÁSTICA RECICLADA 40X50 (FARDO C/100) | W50: 2 | X50: FD | Y50: 59.99 | Z50: =W50*Y50 -> 119.98 | AA50: 0 | AB50: =Y50*AA50 -> 0
A51: TOTAL PEIXES E FRUTOS DO MAR: | E51: =SUM(E43:E49) -> 752.12 | G51: =SUM(G49) -> 0 | H51: MELADO | I51: 1 | J51: UND | K51: 24 | L51: =I51*K51 -> 24 | M51: 0 | N51: =PRODUCT(K51,M51) -> 0 | O51: ALHO TORRADO | P51: 3.62 | Q51: KG | R51: 45 | S51: =P51*R51 -> 162.9 | T51: 0 | U51: =PRODUCT(R51,T51) -> 0 | V51: SACO Á VACUO (15x15) | W51: 0 | X51: UND | Y51: 0.2538 | Z51: =W51*Y51 -> 0 | AA51: 0 | AB51: =Y51*AA51 -> 0
H52: MOLHO SHOYO (1lt) | I52: 4 | J52: UND | K52: 18.08 | L52: =I52*K52 -> 72.32 | M52: 0 | N52: =PRODUCT(K52,M52) -> 0 | O52: CANELA EM PAU | P52: 0.58 | Q52: KG | R52: 65.45 | S52: =P52*R52 -> 37.961 | T52: 0 | U52: =PRODUCT(R52,T52) -> 0 | V52: SACO Á VÁCUO (18X25) | W52: 0 | X52: FD | Y52: 295 | Z52: =W52*Y52 -> 0 | AA52: 0 | AB52: =Y52*AA52 -> 0
A53: SORVETE | B53: ESTOQUE | C53: MEDIDA | D53: VALOR (R$) | E53: TOTAL (R$) | F53: PEDIDO | G53: VALOR DO PEDIDO | H53: MOSTARDA (3,6kg) | I53: 2 | J53: UND | K53: 48.24 | L53: =I53*K53 -> 96.48 | M53: 0 | N53: =PRODUCT(K53,M53) -> 0 | O53: CURRY | P53: 0 | Q53: KG | R53: 21 | S53: =P53*R53 -> 0 | T53: 0 | U53: =PRODUCT(R53,T53) -> 0 | V53: SACO Á VÁCUO (20X20) | W53: 0 | X53: FD | Y53: 424 | Z53: =W53*Y53 -> 0 | AA53: 0 | AB53: =Y53*AA53 -> 0
A54: SORVETE DE CHOCOLATE | B54: 0 | C54: LTS | D54: 17 | E54: =B54*D54 -> 0 | F54: 0 | G54: =PRODUCT(D54,F54) -> 0 | H54: MILHO VERDE LATA (280G) | I54: 0 | J54: UND | K54: 12.94 | L54: =I54*K54 -> 0 | M54: 0 | N54: =PRODUCT(K54,M54) -> 0 | O54: CEREJA MARRASQUINO | P54: 1 | Q54: KG | R54: 89.99 | S54: =P54*R54 -> 89.99 | T54: 0 | U54: =PRODUCT(R54,T54) -> 0 | V54: SACO Á VÁCUO (20x30) | W54: 2 | X54: UND | Y54: 424 | Z54: =W54*Y54 -> 848 | AA54: 0 | AB54: =Y54*AA54 -> 0
A55: SORVETE DE VANILLA | B55: 0 | C55: LTS | D55: 14.6 | E55: =B55*D55 -> 0 | F55: 0 | G55: =PRODUCT(D55,F55) -> 0 | H55: MASSA LASANHA | I55: 2 | J55: UND | K55: 14.4 | L55: =I55*K55 -> 28.8 | M55: 0 | N55: =PRODUCT(K55,M55) -> 0 | O55: COLORAU | P55: 0.78 | Q55: KG | R55: 13 | S55: =P55*R55 -> 10.14 | T55: 0 | U55: =PRODUCT(R55,T55) -> 0 | V55: SACO Á VÁCUO (30X35) | W55: 2 | X55: UND | Y55: 0.85 | Z55: =W55*Y55 -> 1.7 | AA55: 0 | AB55: 0
H56: MOSTARDA ESCURA 280GR | I56: 24 | J56: UND | K56: 5.48 | L56: =I56*K56 -> 131.52 | M56: 0 | N56: =PRODUCT(K56,M56) -> 0 | O56: COCO RALADO FLOCOS | P56: 2 | Q56: KG | R56: 99.9 | S56: =P56*R56 -> 199.8 | T56: 0 | U56: =PRODUCT(R56,T56) -> 0 | V56: SACO Á VACÚO (25X35) | W56: 0 | X56: UND | Y56: 0.423 | Z56: =W56*Y56 -> 0 | AA56: 0 | AB56: =Y56*AA56 -> 0
H57: MOSTARDA SACHÊ | I57: 3 | J57: CX | K57: 19.98 | L57: =I57*K57 -> 59.94 | M57: 0 | N57: =PRODUCT(K57,M57) -> 0 | O57: COMINHO | P57: 0.21 | Q57: KG | R57: 20 | S57: =P57*R57 -> 4.2 | T57: 0 | U57: =PRODUCT(R57,T57) -> 0 | V57: SACO Á VÁCUO (30x40) | W57: 0 | X57: UND | Y57: 870 | Z57: =W57*Y57 -> 0 | AA57: 0 | AB57: =Y57*AA57 -> 0
A58: TOTAL SORVETES: | E58: =SUM(E54:E55) -> 0 | G58: =SUM(G54) -> 0 | H58: MASSA PARAFUSO | I58: 4 | J58: KG | K58: 8.8 | L58: =I58*K58 -> 35.2 | M58: 0 | N58: =PRODUCT(K58,M58) -> 0 | O58: MARSHMELLOWS | P58: 0 | Q58: KG | R58: 7.99 | S58: =P58*R58 -> 0 | T58: 0 | U58: 0 | V58: SACO A VACUO (30X50) | W58: 0 | X58: UND | Y58: 0.846 | Z58: =W58*Y58 -> 0 | AA58: 0 | AB58: =Y58*AA58 -> 0
H59: ÓLEO DE ALGODÃO (15lts) | I59: 6 | J59: UND | K59: 181.5 | L59: =I59*K59 -> 1089 | M59: 0 | N59: =PRODUCT(K59,M59) -> 0 | O59: CREME DE CEBOLA | P59: 3.17 | Q59: KG | R59: 22 | S59: =P59*R59 -> 69.74 | T59: 0 | U59: =PRODUCT(R59,T59) -> 0 | V59: SACO A VACUO (40X60) | W59: 0 | X59: UND | Y59: 0 | Z59: =W59*Y59 -> 0 | AA59: 0 | AB59: =Y59*AA59 -> 0
A60: EMBUTIDOS | B60: ESTOQUE | C60: MEDIDA | D60: VALOR (R$) | E60: TOTAL (R$) | F60: PEDIDO | G60: VALOR DO PEDIDO | H60: ÓLEO DE SOJA (6lts) | I60: 0 | J60: LTS | K60: 7.8 | L60: =I60*K60 -> 0 | M60: 0 | N60: =PRODUCT(K60,M60) -> 0 | O60: GELATINA SEM SABOR | P60: 0.3 | Q60: KG | R60: 99 | S60: =P60*R60 -> 29.7 | T60: 0 | U60: =PRODUCT(R60,T60) -> 0 | V60: TAMPA EMBALAGEM DE 500ml | W60: 0 | X60: UND | Y60: 0 | Z60: =W60*Y60 -> 0 | AA60: 0 | AB60: =Y60*AA60 -> 0
A61: BACON | B61: 9.6 | C61: KG | D61: 25.9 | E61: =B61*D61 -> 248.64 | F61: 0 | G61: =PRODUCT(F61,D61) -> 0 | H61: ÓLEO DE SOJA (0,9ml) | I61: 24 | J61: UND | K61: 7.7 | L61: =I61*K61 -> 184.8 | M61: 0 | N61: =PRODUCT(K61,M61) -> 0 | O61: HIBISCUS | P61: 0 | Q61: KG | R61: 62 | S61: =P61*R61 -> 0 | T61: 0 | U61: =PRODUCT(R61,T61) -> 0 | V61: TOUCA DESCARTÁVEL | W61: 2 | X61: PCT | Y61: 8.46 | Z61: =W61*Y61 -> 16.92 | AA61: 0 | AB61: =Y61*AA61 -> 0
A62: LINGUIÇA CALABRESA | B62: 6.15 | C62: KG | D62: 16.87 | E62: =B62*D62 -> 103.7505 | F62: 0 | G62: =PRODUCT(F62,D62) -> 0 | H62: PIMENTA SACHÊ (120und.) | I62: 0 | J62: CX | K62: 38 | L62: =I62*K62 -> 0 | M62: 0 | N62: =PRODUCT(K62,M62) -> 0 | O62: LEMON PEPPER | P62: 2.92 | Q62: KG | R62: 35 | S62: =P62*R62 -> 102.2 | T62: 0 | U62: =PRODUCT(R62,T62) -> 0 | V62: TOUCA DESCARTÁVEL PRETA | W62: 6 | X62: PCT | Y62: 8.9 | Z62: =W62*Y62 -> 53.4 | AA62: 0 | AB62: =Y62*AA62 -> 0
A63: LINGUIÇA FINA | B63: 16.5 | C63: KG | D63: 19.88 | E63: =B63*D63 -> 328.02 | F63: 0 | G63: 0 | H63: RAPADURA | I63: 0 | J63: UND | K63: 7.9 | L63: =I63*K63 -> 0 | M63: 0 | N63: 0 | O63: OREGANO | P63: 0.22 | Q63: KG | R63: 50 | S63: =P63*R63 -> 11 | T63: 0 | U63: =PRODUCT(R63,T63) -> 0 | V63: ,
A64: LINGUIÇA FINA CORTADA | B64: 0 | C64: KG | D64: 19.88 | E64: =B64*D64 -> 0 | F64: 0 | G64: 0 | H64: SAL GROSSO (1kg) | I64: 0.91 | J64: KG | K64: 2.9 | L64: =I64*K64 -> 2.639 | M64: 0 | N64: =PRODUCT(K64,M64) -> 0 | O64: PIMENTA CALABRESA | P64: 0.37 | Q64: KG | R64: 30 | S64: =P64*R64 -> 11.1 | T64: 0 | U64: =PRODUCT(R64,T64) -> 0 | V64: TOTAL DESCARTÁVEIS | Z64: =SUM(Z3:Z62) -> 3757.9 | AB64: =SUM(AB3:AB62) -> 0
A65: LINGUIÇA PAIO | B65: 5 | C65: KG | D65: 20.97 | E65: =B65*D65 -> 104.85 | F65: 0 | G65: =PRODUCT(F65,D65) -> 0 | H65: SAL REFINADO (1kg) | I65: 7.6 | J65: KG | K65: 1.75 | L65: =I65*K65 -> 13.3 | M65: 0 | N65: =PRODUCT(K65,M65) -> 0 | O65: PÁPRICA DEFUMADA | P65: 1.76 | Q65: KG | R65: 19 | S65: =P65*R65 -> 33.44 | T65: 0 | U65: =PRODUCT(R65,T65) -> 0
A66: LINGUIÇA TOSCANA | B66: 0 | C66: KG | D66: 14.12 | E66: =B66*D66 -> 0 | F66: 0 | G66: =PRODUCT(F66,D66) -> 0 | H66: SAL SACHÊ (2kg) | I66: 3 | J66: CX | K66: 13.4 | L66: =I66*K66 -> 40.2 | M66: 0 | N66: =PRODUCT(K66,M66) -> 0 | O66: PIMENTA DO REINO BRANCA EM PÓ | P66: 0.31 | Q66: KG | R66: 40.16 | S66: =P66*R66 -> 12.4496 | T66: 0 | U66: =PRODUCT(R66,T66) -> 0 | V66: MATERIAL DE LIMPEZA | W66: ESTOQUE | X66: MEDIDA | Y66: VALOR (R$) | Z66: TOTAL (R$) | AA66: PEDIDO | AB66: VALOR DO PEDIDO
A67: LINGUIÇA DE PERNIL (ENCHENDO) | B67: 0 | C67: KG | D67: 42.9 | E67: =B67*D67 -> 0 | F67: 0 | G67: 0 | H67: TAPIOCA GRANULADA | I67: 4 | J67: KG | K67: 11 | L67: =I67*K67 -> 44 | M67: 0 | N67: =PRODUCT(K67,M67) -> 0 | O67: PIMENTA DO REINO PRETA | P67: 1 | Q67: KG | R67: 79 | S67: =P67*R67 -> 79 | T67: 0 | U67: =PRODUCT(R67,T67) -> 0 | V67: ÁLCOOL EM GEL 70% COM PUMP | W67: 0 | X67: UND | Y67: 17.9 | Z67: =W67*Y67 -> 0 | AA67: 0 | AB67: =Y67*AA67 -> 0
A68: LINGUIÇA POMEONE | B68: 0 | C68: KG | D68: 14.89 | E68: =B68*D68 -> 0 | F68: 0 | G68: =PRODUCT(F68,D68) -> 0 | H68: TABASCO (60ml) | I68: 25 | J68: UND | K68: 18.55 | L68: =I68*K68 -> 463.75 | M68: 0 | N68: =PRODUCT(K68,M68) -> 0 | O68: PIMENTA ROSA | P68: 0 | Q68: KG | R68: 75 | S68: =P68*R68 -> 0 | T68: 0 | U68: 0 | V68: ÁLCOOL 70% (1lts) | W68: 15 | X68: LTS | Y68: 7.58 | Z68: =W68*Y68 -> 113.7 | AA68: 0 | AB68: =Y68*AA68 -> 0
A69: LINGUIÇA DEFUMADA SUÍNA | B69: 0 | C69: KG | D69: 18.79 | E69: =B69*D69 -> 0 | F69: 0 | G69: =PRODUCT(F69,D69) -> 0 | H69: TOMATE PELATE (2,055kg) | I69: 2 | J69: UND | K69: 24.7 | L69: =I69*K69 -> 49.4 | M69: 0 | N69: =PRODUCT(K69,M69) -> 0 | O69: ZIMBRO | P69: 0 | Q69: KG | R69: 299.8 | S69: =P69*R69 -> 0 | T69: 0 | U69: =PRODUCT(R69,T69) -> 0 | V69: ÁLCOOL EM GEL (5lts) | W69: 0 | X69: UND | Y69: 70 | Z69: =W69*Y69 -> 0 | AA69: 0 | AB69: 0
H70: VINAGRE BRANCO | I70: 0 | J70: UND | K70: 1.97 | L70: =I70*K70 -> 0 | M70: 0 | N70: =PRODUCT(K70,M70) -> 0 | O70: 0 | V70: ÁLCOOL EM GEL | W70: 0 | X70: LTS | Y70: 7.99 | Z70: =W70*Y70 -> 0 | AA70: 0 | AB70: =Y70*AA70 -> 0
A71: EMBUTIDOS TOTAL | E71: =SUM(E61:E69) -> 785.2605 | G71: =SUM(G61:G69) -> 0 | H71: VINAGRE COLORIDO (750ml) | I71: 0 | J71: UND | K71: 1.97 | L71: =I71*K71 -> 0 | M71: 0 | N71: =PRODUCT(K71,M71) -> 0 | O71: TOTAL TEMPEROS: | S71: =SUM(S48:S69) -> 899.5206 | U71: =SUM(U51:U68) -> 0 | V71: ÁLCOOL GEL REFIL (ECOLAB) | W71: 0 | X71: UND | Y71: 25.16 | Z71: =W71*Y71 -> 0 | AA71: 0 | AB71: =Y71*AA71 -> 0
H72: VINAGRE DE MAÇÃ (750ml) | I72: 4 | J72: UND | K72: 1.9 | L72: =I72*K72 -> 7.6 | M72: 0 | N72: =PRODUCT(K72,M72) -> 0 | V72: ALLKALY CL (30lts) | W72: 0 | X72: UND | Y72: 397.5 | Z72: =W72*Y72 -> 0 | AA72: 0 | AB72: =Y72*AA72 -> 0
H73: VINHO BRANCO (750ml) | I73: 1 | J73: UND | K73: 16.21 | L73: =I73*K73 -> 16.21 | M73: 0 | N73: =PRODUCT(K73,M73) -> 0 | V73: ALLKALY NT (30 LT) | W73: 0 | X73: UND | Y73: 225.3 | Z73: =W73*Y73 -> 0 | AA73: 0 | AB73: =Y73*AA73 -> 0
A74: NORTE SHOPPING | H74: VINHO TINTO (750ml) | I74: 1 | J74: UND | K74: 17.27 | L74: =I74*K74 -> 17.27 | M74: 0 | N74: =PRODUCT(K74,M74) -> 0 | V74: ALLKALY PN 5lts | W74: 5 | X74: UND | Y74: 89 | Z74: =W74*Y74 -> 445 | AA74: 0 | AB74: =Y74*AA74 -> 0
A75: MERCADORIAS EM ESTOQUE | H75: VINHO BRANCO (4,6lts) | I75: 0 | J75: UND | K75: 0 | L75: =I75*K75 -> 0 | M75: 0 | N75: =PRODUCT(K75,M75) -> 0 | V75: ÁGUA SANITÁRIA (5lts) | W75: 0 | X75: UND | Y75: 1.58 | Z75: =W75*Y75 -> 0 | AA75: 0 | AB75: =Y75*AA75 -> 0
A76: BEBIDAS ÁLCOOLICAS: | B76: ='Bebidas Álcoolicas'!E213 -> 38905.455 | C76: x | H76: VINHO TINTO (4,6lts) | I76: 0 | J76: UND | K76: 0 | L76: =I76*K76 -> 0 | M76: 0 | N76: =PRODUCT(K76,M76) -> 0 | V76: AMACIANTE DE ROUPA | W76: 0 | X76: UND | Y76: 7.98 | Z76: =W76*Y76 -> 0 | AA76: 0 | AB76: =Y76*AA76 -> 0
A77: BEBIDAS NÃO ÁLCOOLICAS: | B77: ='Bebidas não Álcoolicas'!E72 -> 7234.546 | C77: x | H77: 0 | V77: BOM AR | W77: 0 | X77: UND | Y77: 16.99 | Z77: =W77*Y77 -> 0 | AA77: 0 | AB77: =Y77*AA77 -> 0
A78: CONGELADOS: | B78: =S11 -> 2070.5656 | C78: x | L78: =SUM(L3:L76) -> 6331.597 | N78: =SUM(N6:N76) -> 0 | V78: BORRIFADOR | W78: 5 | X78: UND | Y78: 10.33 | Z78: =W78*Y78 -> 51.65 | AA78: 0 | AB78: =Y78*AA78 -> 0
A79: COMIDA FUNCIONÁRIO: | B79: =E40 -> 0 | C79: x | D79: PRATOS | E79: =B78+B79+B81+B82+B83+B85+B86+B87+B88+B89+B90+B91+B92 -> 24526.586 | G79: -9072.0357 | V79: CABO DO RODO DE ALUMINIO | W79: 0 | X79: UND | Y79: 19.63 | Z79: =W79*Y79 -> 0 | AA79: 0 | AB79: =Y79*AA79 -> 0
A80: DESCARTÁVEIS: | B80: =Z64 -> 3757.9 | C80: x | D80: BEB ALC | E80: =B76 -> 38905.455 | V80: CERA LIQUÍDA (5lts) | W80: 0 | X80: UND | Y80: 16.57 | Z80: =W80*Y80 -> 0 | AA80: 0 | AB80: =Y80*AA80 -> 0
A81: EMBUTIDOS: | B81: =E71 -> 785.2605 | C81: x | D81: BEB NÃO ALC | E81: =B77 -> 7234.546 | V81: CYCLON AMONIACAL (5lts) | W81: 0 | X81: UND | Y81: 31.86 | Z81: =W81*Y81 -> 0 | AA81: 0 | AB81: =Y81*AA81 -> 0
A82: HORTIFRUTI: | B82: =Hortifruti!E107 -> 1349.4322 | C82: x | E82: =SUM(E79:E81) -> 70666.587 | V82: CLORO PARA FOLHAS | W82: 0 | X82: LTS | Y82: 41 | Z82: =W82*Y82 -> 0 | AA82: 0 | AB82: =Y82*AA82 -> 0
A83: LATICINIOS: | B83: =S45 -> 1954.4976 | C83: x | V83: DESINFETANTE (5lts) | W83: 2 | X83: UND | Y83: 78.51 | Z83: =W83*Y83 -> 157.02 | AA83: 0 | AB83: =Y83*AA83 -> 0
A84: MATERIAL DE LIMPEZA: | B84: =Z144 -> 4256.87 | C84: x | D84: LIMP/DESCT | E84: =B80+B84 -> 8014.77 | V84: DETERGENTE CLORADO (5lts) | W84: 0 | X84: UND | Y84: 95 | Z84: =W84*Y84 -> 0 | AA84: 0 | AB84: =Y84*AA84 -> 0
A85: MASSAS: | B85: =Massas!E49 -> 1058.56 | C85: x | V85: DETERGENTE DESENG. ALCALINO (5lts) | W85: 0 | X85: UND | Y85: 103 | Z85: =W85*Y85 -> 0 | AA85: 0 | AB85: =Y85*AA85 -> 0
A86: MERCEARIA: | B86: =L78 -> 6331.597 | C86: x | V86: DETERGENTE P/ LOUÇA TOPMAT (5lts) | W86: 0 | X86: UND | Y86: 35.9 | Z86: =W86*Y86 -> 0 | AA86: 0 | AB86: =Y86*AA86 -> 0
A87: MOLHOS: | B87: =Molhos!E30 -> 443.9293 | C87: x | E87: =E82+E84 -> 78681.357 | V87: DETERGENTE (5lts) | W87: 0 | X87: UND | Y87: 23.84 | Z87: =W87*Y87 -> 0 | AA87: 0 | AB87: =Y87*AA87 -> 0
A88: PORCIONADOS: | B88: =Porcionados!E117 -> 3895.269 | C88: x | V88: DETERGENTE LIQUIDO CONCENTRAFDO (5lts) | W88: 0 | X88: UND | Y88: 0 | Z88: =W88*Y88 -> 0 | AA88: 0 | AB88: =Y88*AA88 -> 0
A89: PROTEINA CLIENTE: | B89: =E34 -> 4985.8345 | C89: x | V89: DETERGENTE TRUMP S (5lts) | W89: 0 | X89: UND | Y89: 204 | Z89: =W89*Y89 -> 0 | AA89: 0 | AB89: =Y89*AA89 -> 0
A90: PEIXES E FRUTOS DO MAR | B90: =E51 -> 752.12 | C90: x | V90: DETERGENTE PARA MÁQUINA (5lts) | W90: 0 | X90: LTS | Y90: 20.2 | Z90: =W90*Y90 -> 0 | AA90: 0 | AB90: =Y90*AA90 -> 0
A91: SORVETES: | B91: =E58 -> 0 | C91: x | V91: DIABO VERDE | W91: 0 | X91: UND | Y91: 14.99 | Z91: =W91*Y91 -> 0 | AA91: 0 | AB91: =Y91*AA91 -> 0
A92: TEMPEROS E AFINS: | B92: =S71 -> 899.5206 | C92: x | V92: ESCOVINHA PARA AZULEJO | W92: 0 | X92: UND | Y92: 2.12 | Z92: =W92*Y92 -> 0 | AA92: 0 | AB92: =Y92*AA92 -> 0
A93: VALOR FINAL: | B93: =SUM(B76:B92) -> 78681.357 | V93: ESPANADOR DE PENA | W93: 0 | X93: UND | Y93: 2.5 | Z93: =W93*Y93 -> 0 | AA93: 0 | AB93: =Y93*AA93 -> 0
V94: ESPONJA DUPLAFACE | W94: 20 | X94: UND | Y94: 0.74 | Z94: =W94*Y94 -> 14.8 | AA94: 0 | AB94: =Y94*AA94 -> 0
A95: PERDA DE PRATO | B95: =Perda!D3 -> 0 | V95: ESPONJA FIBRAÇO | W95: 9 | X95: UND | Y95: 1.93 | Z95: =W95*Y95 -> 17.37 | AA95: 0 | AB95: =Y95*AA95 -> 0
V96: GREASESECUTTER PLUS (5lts) | W96: 0 | X96: UND | Y96: 32 | Z96: =W96*Y96 -> 0 | AA96: 0 | AB96: =Y96*AA96 -> 0
V97: KALYCLEN C212 DESENCRUSTANTE ALCALINO | W97: 2 | X97: UND | Y97: 95 | Z97: =W97*Y97 -> 190 | AA97: 0 | AB97: =Y97*AA97 -> 0
V98: KALYCLEN C223 DETERGENTE PARA LOUÇA | W98: 1 | X98: UND | Y98: 435.3 | Z98: =W98*Y98 -> 435.3 | AA98: 0 | AB98: =Y98*AA98 -> 0
V99: KALYCLEN S313 | W99: 6 | X99: UND | Y99: 88.42 | Z99: =W99*Y99 -> 530.52 | AA99: 0 | AB99: =Y99*AA99 -> 0
V100: KALYCLEN N 779 SECANTE PARA MAQUINA | W100: 0 | X100: UND | Y100: 688.96 | Z100: =W100*Y100 -> 0 | AA100: 0 | AB100: =Y100*AA100 -> 0
V101: KALYCLEN ALLKALY CL | W101: 0 | X101: UND | Y101: 397.5 | Z101: =W101*Y101 -> 0 | AA101: 0 | AB101: =Y101*AA101 -> 0
...

Sheet Hortifruti
A1: HORTIFRUTI BAR DO ZECA
A2: PRODUTOS | B2: ESTOQUE | C2: MEDIDA | D2: VALOR (R$) | E2: TOTAL (R$) | F2: PEDIDO | G2: VALOR DO PEDIDO
A3: ABACATE AVOCADO | B3: 0 | C3: KG | D3: 49.9 | E3: =D3*B3 -> 0 | F3: 0 | G3: =D3*F3 -> 0
A4: ABACAXI | B4: 1.32 | C4: KG | D4: 9.58 | E4: =D4*B4 -> 12.6456 | F4: 0 | G4: =D4*F4 -> 0
A5: ABÓBORA | B5: 0 | C5: KG | D5: 5 | E5: =D5*B5 -> 0 | F5: 0 | G5: 0
A6: ABÓBORA JAPONÊSA | B6: 2.9 | C6: KG | D6: 16.13 | E6: =D6*B6 -> 46.777 | F6: 0 | G6: =D6*F6 -> 0
A7: ABOBRINHA | B7: 0.48 | C7: KG | D7: 4.05 | E7: =D7*B7 -> 1.944 | F7: 0 | G7: =D7*F7 -> 0
A8: ACELGA | B8: 0 | C8: UN | D8: 2.85 | E8: =D8*B8 -> 0 | F8: 0 | G8: =D8*F8 -> 0
A9: AGRIÃO | B9: 0 | C9: UND | D9: 10.75 | E9: =D9*B9 -> 0 | F9: 0 | G9: =D9*F9 -> 0
A10: AIPIM | B10: 0 | C10: KG | D10: 10.08 | E10: =D10*B10 -> 0 | F10: 0 | G10: =D10*F10 -> 0
A11: AIPO | B11: 0 | C11: UN | D11: 89.71 | E11: =D11*B11 -> 0 | F11: 0 | G11: =D11*F11 -> 0
A12: ALECRIM | B12: 0.07 | C12: KG | D12: 35.5 | E12: =D12*B12 -> 2.485 | F12: 0 | G12: =D12*F12 -> 0
A13: ALFACE AMERICANA | B13: 3 | C13: KG | D13: 8.16 | E13: =D13*B13 -> 24.48 | F13: 0 | G13: =D13*F13 -> 0
A14: ALFACE CRESPA ROXA | B14: 0.31 | C14: KG | D14: 15.81 | E14: =D14*B14 -> 4.9011 | F14: 0 | G14: =D14*F14 -> 0
A15: ALFACE CRESPA VERDE | B15: 0.53 | C15: KG | D15: 16.76 | E15: =D15*B15 -> 8.8828 | F15: 0 | G15: =D15*F15 -> 0
A16: ALFACE ROMANA | B16: 0 | C16: KG | D16: 18.9 | E16: =D16*B16 -> 0 | F16: 0 | G16: =D16*F16 -> 0
A17: ALHO DESCASCADO | B17: 3.83 | C17: KG | D17: 20.86 | E17: =D17*B17 -> 79.8938 | F17: 0 | G17: =D17*F17 -> 0
... A31: BETERRABA | B31: 6.13 | C31: KG | D31: 5.84 | E31: =D31*B31 -> 35.7992 | F31: 0 | G31: =D31*F31 -> 0
A32: BROCOLIS | B32: 0 | C32: UN | D32: 11 | E32: =D32*B32 -> 0
A33: BRÓCOLIS AMERICANO | B33: 1.33 | C33: UN | D33: 19.9 | E33: =D33*B33 -> 26.467 | F33: 0 | G33: =D33*F33 -> 0
A34: CAPIM LIMAO | B34: 0 | C34: KG | D34: 36 | E34: =D34*B34 -> 0 | F34: 0 | G34: =D34*F34 -> 0
A35: CARAMBOLA | B35: 0 | C35: BDJ | D35: 15 | E35: =D35*B35 -> 0 | F35: 0 | G35: =D35*F35 -> 0
A36: CEBOLA | B36: 6.065 | C36: KG | D36: 4.46 | E36: =D36*B36 -> 27.0499 | F36: 0 | G36: =D36*F36 -> 0
A37: CEBOLA CALABRESA | B37: 0 | C37: KG | D37: 2.89 | E37: =D37*B37 -> 0 | F37: 0 | G37: =D37*F37 -> 0
A38: CEBOLA ROXA | B38: 2.8 | C38: KG | D38: 7.37 | E38: =D38*B38 -> 20.636 | F38: 0 | G38: =D38*F38 -> 0
A39: CEBOLETE | B39: 0 | C39: UND | D39: 2.4 | E39: =D39*B39 -> 0 | F39: 0 | G39: =D39*F39 -> 0
A40: CEBOLINHA | B40: 0 | C40: UN | D40: 16.87 | E40: =D40*B40 -> 0 | F40: 0 | G40: =D40*F40 -> 0
A41: CENOURA | B41: 1.18 | C41: KG | D41: 7.21 | E41: =D41*B41 -> 8.5078 | F41: 0 | G41: =D41*F41 -> 0
A42: CHUCHU | B42: 0 | C42: KG | D42: 7.9 | E42: =D42*B42 -> 0 | F42: 0 | G42: =D42*F42 -> 0
A43: COCO SECO | B43: 0 | C43: KG | D43: 8.12 | E43: =D43*B43 -> 0 | F43: 0 | G43: =D43*F43 -> 0
A44: COENTRO | B44: 0.12 | C44: UN | D44: 25.24 | E44: =D44*B44 -> 3.0288 | F44: 0 | G44: =D44*F44 -> 0
... A46: COUVE MANTEIGA | B46: 0 | C46: UN | D46: 11.14 | E46: =D46*B46 -> 0 | F46: 0 | G46: =D46*F46 -> 0
A47: ENDRO | B47: 0 | C47: UND | D47: 2.48 | E47: =D47*B47 -> 0 | F47: 0 | G47: 0
A48: ERVILHA TORTA | B48: 0 | C48: KG | D48: 37.9 | E48: =D48*B48 -> 0 | F48: 0 | G48: =D48*F48 -> 0
A49: ESTRAGÃO | B49: 0 | C49: UN | D49: 2.5 | E49: =D49*B49 -> 0 | F49: 0 | G49: =D49*F49 -> 0
A50: GENGIBRE | B50: 5.23 | C50: KG | D50: 8.12 | E50: =D50*B50 -> 42.4676 | F50: 0 | G50: =D50*F50 -> 0
A51: GRAPEFRUIT | B51: 0 | C51: KG | D51: 55 | E51: =D51*B51 -> 0 | F51: 0 | G51: =D51*F51 -> 0
A52: HORTELÃ | B52: 0 | C52: UN | D52: 15.2 | E52: =D52*B52 -> 0 | F52: 0 | G52: =D52*F52 -> 0
A53: INHAME | B53: 0 | C53: KG | D53: 12.5 | E53: =D53*B53 -> 0 | F53: 0 | G53: =D53*F53 -> 0
A54: KIWI | B54: 0 | C54: KG | D54: 37.5 | E54: =D54*B54 -> 0 | F54: 0 | G54: =D54*F54 -> 0
A55: LARANJA BAHIA | B55: 5.68 | C55: KG | D55: 8.12 | E55: =D55*B55 -> 46.1216 | F55: 0 | G55: =D55*F55 -> 0
A56: LARANJA PERA | B56: 13 | C56: KG | D56: 2.79 | E56: =D56*B56 -> 36.27 | F56: 0 | G56: =D56*F56 -> 0
A57: LARANJA SELETA | B57: 4.54 | C57: KG | D57: 6.04 | E57: =D57*B57 -> 27.4216 | F57: 0 | G57: =D57*F57 -> 0
A58: LIMA DA PÉRSIA | B58: 0 | C58: KG | D58: 13.26 | E58: =D58*B58 -> 0 | F58: 0 | G58: =D58*F58 -> 0
A59: LIMÃO SICILIANO | B59: 2.74 | C59: KG | D59: 9.13 | E59: =D59*B59 -> 25.0162 | F59: 0 | G59: =D59*F59 -> 0
... A91: SALSA CRESPA VERDE | B91: 0 | C91: UN | D91: 2.2 | E91: =D91*B91 -> 0 | F91: 0 | G91: =D91*F91 -> 0
A92: SALSÃO | B92: 0 | C92: UND | D92: 7.5 | E92: =D92*B92 -> 0 | F92: 0 | G92: 0
A93: SALVIA | B93: 0 | C93: UN | D93: 2.4 | E93: =D93*B93 -> 0 | F93: 0 | G93: =D93*F93 -> 0
A94: SHIMEJI | B94: 0 | C94: UN | D94: 9.4 | E94: =D94*B94 -> 0 | F94: 0 | G94: =D94*F94 -> 0
A95: SHITAKE | B95: 0 | C95: UN | D95: 9.95 | E95: =D95*B95 -> 0 | F95: 0 | G95: =D95*F95 -> 0
A96: TANGERINA IMPORTADA | B96: 2.66 | C96: KG | D96: 12.18 | E96: =D96*B96 -> 32.3988 | F96: 0 | G96: =D96*F96 -> 0
A97: TOMATE CEREJA | B97: 0.22 | C97: KG | D97: 24 | E97: =D97*B97 -> 5.28 | F97: 0 | G97: =D97*F97 -> 0
A98: TOMATE GRAPE AMARELO | B98: 0 | C98: UND | D98: 6 | E98: =D98*B98 -> 0 | F98: 0 | G98: =D98*F98 -> 0
A99: TOMATE GRAPE VERMELHO | B99: 0 | C99: UND | D99: 4.8 | E99: =D99*B99 -> 0 | F99: 0 | G99: =D99*F99 -> 0
A100: TOMATE ITALIANO MADURO | B100: 2.45 | C100: KG | D100: 6.83 | E100: =D100*B100 -> 16.7335 | F100: 0 | G100: =D100*F100 -> 0
A101: TOMATE SALADA MADURO | B101: 0 | C101: KG | D101: 7.6 | E101: =D101*B101 -> 0 | F101: 0 | G101: =D101*F101 -> 0
A102: TOMILHO | B102: 0 | C102: UN | D102: 40.16 | E102: =D102*B102 -> 0 | F102: 0 | G102: =D102*F102 -> 0
A103: UVA CRISON ROXA | B103: 0 | C103: KG | D103: 36.56 | E103: =D103*B103 -> 0 | F103: 0 | G103: =D103*F103 -> 0
A104: UVA VERDE THOMPSON | B104: 0 | C104: KG | D104: 36.56 | E104: =D104*B104 -> 0 | F104: 0 | G104: =D104*F104 -> 0
A105: VAGEM FRANCESA | B105: 0 | C105: UN | D105: 17.6 | E105: =D105*B105 -> 0 | F105: 0 | G105: =D105*F105 -> 0
A107: VALOR TOTAL HORTIFRUTI | E107: =SUM(E3:E105) -> 1349.4322 | G107: =SUM(G3:G105) -> 0

Sheet Massas
A1: CONTROLE DE ESTOQUE MASSAS
A2: MASSAS | B2: PORÇAO | C2: UND | D2: VALOR (R$) | E2: TOTAL (R$)
A3: BAGUETE (25g) | B3: 0 | C3: 0 | D3: 0.86 | E3: =SUM(B3+C3)*D3 -> 0
A4: BAGUETE (50g) (ITALIANO) | B4: 0 | C4: 0 | D4: 10.5 | E4: =SUM(B4+C4)*D4 -> 0
A5: BAGUETE (80g) | B5: 0 | C5: 0 | D5: 9 | E5: =SUM(B5+C5)*D5 -> 0
A6: BAGUETE 200GR | B6: 0 | C6: 0 | D6: 0.98 | E6: =SUM(B6+C6)*D6 -> 0
A7: BATATA FRITA (300g) | B7: 0 | C7: 0 | D7: 7.75 | E7: =SUM(B7+C7)*D7 -> 0
A8: BOLINHO DE AIPIM COM QUEIJO | B8: 17 | C8: 0 | D8: 7.38 | E8: =SUM(B8+C8)*D8 -> 125.46
A9: BOLINHO DE ARROZ | B9: 0 | C9: 0 | D9: 0.75 | E9: =SUM(B9+C9)*D9 -> 0
A10: BOLINHO DE BACALHAU | B10: 26 | C10: 0 | D10: 15.8 | E10: =SUM(B10+C10)*D10 -> 410.8
A11: BOLO DE CENOURA | B11: 0 | C11: 0 | D11: 2.6 | E11: =SUM(B11+C11)*D11 -> 0
A12: BOLOVO | B12: 0 | C12: 0 | D12: 0 | E12: =SUM(B12+C12)*D12 -> 0
A13: BRIOCHE | B13: 0 | C13: 0 | D13: 0.75 | E13: =SUM(B13+C13)*D13 -> 0
A14: CANELONE | B14: 0 | C14: 0 | D14: 9.8 | E14: =SUM(B14+C14)*D14 -> 0
... A48: RONDELE DE PRESUNTO E QUEIJO | B48: 0 | C48: 0 | D48: 3.6 | E48: =SUM(B48+C48)*D48 -> 0
A49: TOTAL | E49: =SUM(E3:E48) -> 1058.56

Sheet Porcionados
A1: PORCIONADOS BAR DO ZECA
A2: CARNES | B2: PORÇÕES | C2: ESTOQUE/KG | D2: VALOR (R$) | E2: TOTAL (R$)
A3: ACÉM DESFIADA 150 GR | B3: 0 | C3: 0 | D3: 5.85 | E3: =SUM(B3+C3)*D3 -> 0
A4: ACÉM DESFIADA 50 GR | B4: 26 | C4: 0 | D4: 3.44 | E4: =SUM(B4+C4)*D4 -> 89.44
A5: AIPIM TRITURADO | B5: 0 | C5: 0 | D5: 10.23 | E5: =SUM(B5+C5)*D5 -> 0
A6: AIPIM 300GR | B6: 16 | C6: 0 | D6: 4.2 | E6: =SUM(B6+C6)*D6 -> 67.2
A7: AIPIM COZIDO 1KG | B7: 0 | C7: 0 | D7: 15 | E7: =SUM(B7+C7)*D7 -> 0
A8: APERITIVO DE CARNE (ALCATRA) | B8: 0 | C8: 0 | D8: 23.24 | E8: =SUM(B8+C8)*D8 -> 0
A9: ARRIBA | B9: 0 | C9: 0 | D9: 7.39 | E9: =SUM(B9+C9)*D9 -> 0
A10: CARNE ASSADA (150G) | B10: 0 | C10: 0 | D10: 7.6 | E10: =SUM(B10+C10)*D10 -> 0
A11: CARNE ASSADA INTEIRA (TÁBUA DO BAR) | B11: 0 | C11: 0 | D11: 53.76 | E11: =SUM(B11+C11)*D11 -> 0
A12: CARNE ASSADA SANDUICHE (120g) | B12: 15 | C12: 0 | D12: 7.97 | E12: =SUM(B12+C12)*D12 -> 119.55
A13: CARNE DE HAMBURGUER 100g | B13: 23 | C13: 0 | D13: 1.4 | E13: =SUM(B13+C13)*D13 -> 32.2
A14: CARNE DE SOL | B14: 0 | C14: 0 | D14: 0 | E14: =SUM(B14+C14)*D14 -> 0
... A54: SANDUÍCHE DE LINGUIÇA(120G) | B54: 0 | C54: 0 | D54: 4.91 | E54: =SUM(B54+C54)*D54 -> 0
A55: TOTAL | E55: =SUM(E3:E54) -> 1184.5303
A56: APARAS | D56: VALOR (R$) | E56: TOTAL (R$)
A57: APARA DE CARNE | B57: 0 | C57: 0 | D57: 30.48 | E57: =SUM(B57+C57)*D57 -> 0
A58: APARA DE CONTRA FILÉ | B58: 0 | C58: 0 | D58: 34.98 | E58: =SUM(B58+C58)*D58 -> 0
A59: APARA DE CARNE ASSADA | B59: 0 | C59: 0 | D59: 21.75 | E59: =SUM(B59+C59)*D59 -> 0
A60: APARA DE COSTELA | B60: 0 | C60: 0 | D60: 0 | E60: =SUM(B60+C60)*D60 -> 0
A61: APARA DE PERNIL | B61: 0 | C61: 0 | D61: 0 | E61: =SUM(B61+C61)*D61 -> 0
A62: APARA DE FRANGO | B62: 0 | C62: 0 | D62: 6 | E62: =SUM(B62+C62)*D62 -> 0
A63: APARA DE LINGUIÇA | B63: 0 | C63: 0 | D63: 0 | E63: =SUM(B63+C63)*D63 -> 0
A64: APARA DE PERNIL | B64: 0 | C64: 0 | D64: 0 | E64: =SUM(B64+C64)*D64 -> 0
A65: TOTAL | E65: =SUM(E57:E64) -> 0
A66: PEIXES E FRUTOS DO MAR | B66: PORÇÕES | C66: KG | D66: VALOR (R$) | E66: TOTAL (R$)
A67: BACALHAU | B67: 0 | C67: 0 | D67: 83.2 | E67: =SUM(B67+C67)*D67 -> 0
A68: BACALHAU DESFIADO | B68: 0 | C68: 0 | D68: 49.1 | E68: =SUM(B68+C68)*D68 -> 0
A69: CAMARÃO 80 GR | B69: 0 | C69: 0 | D69: 5.8 | E69: =SUM(B69+C69)*D69 -> 0
A70: CAMARÃO 120 GR | B70: 7 | C70: 0 | D70: 8.7 | E70: =SUM(B70+C70)*D70 -> 60.9
A71: FILÉ DE TILÁPIA | B71: 17 | C71: 0 | D71: 6.34 | E71: =SUM(B71+C71)*D71 -> 107.78
A72: TILÁPIA DESFIADA | B72: 0 | C72: 0 | D72: 35.9 | E72: =SUM(B72+C72)*D72 -> 0
A73: TAMBORIL | B73: 0 | C73: 0 | D73: 0 | E73: =SUM(B73+C73)*D73 -> 0
A74: ISCA DE TILÁPIA (200g) | B74: 8 | C74: 0 | D74: 8.76 | E74: =SUM(B74+C74)*D74 -> 70.08
A75: TOTAL | E75: =SUM(E67:E74) -> 238.76
A76: SUÍNOS | B76: PORÇÕES | C76: KG | D76: VALOR (R$) | E76: TOTAL (R$)
A77: BACON | B77: 0 | C77: 0 | D77: 25.75 | E77: =SUM(B77+C77)*D77 -> 0
A78: BARRIGA SUÍNA | B78: 0 | C78: 0 | D78: 21.85 | E78: =SUM(B78+C78)*D78 -> 0
A79: COSTELA SUÍNA SALGADA | B79: 0 | C79: 0 | D79: 24.9 | E79: =SUM(B79+C79)*D79 -> 0
A80: COSTELA BOVINA (TÁBUA DO BAR) | B80: 0 | C80: 0 | D80: 27.36 | E80: =SUM(B80+C80)*D80 -> 0
A81: LINGUIÇA SUÍNA SCHUELLER | B81: 0 | C81: 0 | D81: 29 | E81: =SUM(B81+C81)*D81 -> 0
A82: LINGUIÇA APERITIVO(200G) | B82: 23 | C82: 0 | D82: 3.93 | E82: =SUM(B82+C82)*D82 -> 90.39
A83: BATATA CALABRESA | B83: 0 | C83: 0 | D83: 0 | E83: =SUM(B83+C83)*D83 -> 0
A84: LOMBO SUÍNO SALGADO | B84: 0 | C84: 0 | D84: 18.49 | E84: =SUM(B84+C84)*D84 -> 0
A85: MOCOTÓ | B85: 0 | C85: 0 | D85: 0 | E85: =SUM(B85+C85)*D85 -> 0
A86: PERNIL ACEBOLADO(250G) | B86: 0 | C86: 0 | D86: 5.41 | E86: =SUM(B86+C86)*D86 -> 0
A87: PERNIL FATIADO | B87: 0 | C87: 0 | D87: 19.82 | E87: =SUM(B87+C87)*D87 -> 0
A88: PERNIL PARA BOLOVO | B88: 0 | C88: 0 | D88: 0 | E88: =SUM(B88+C88)*D88 -> 0
A89: TORRESMO (300g) | B89: 26 | C89: 0 | D89: 9.27 | E89: =SUM(B89+C89)*D89 -> 241.02
A90: TOTAL: | B90: 0 | C90: 0 | E90: =SUM(E77:E89) -> 331.41
A92: FEIJOADA | B92: PORÇÕES | C92: KG | D92: VALOR (R$) | E92: TOTAL (R$)
A93: ARROZ PRONTO | B93: 0 | C93: 7.48 | D93: 1.73 | E93: =SUM(B93+C93)*D93 -> 12.9404
A94: FEIJÃO PRONTO | B94: 0 | C94: 2.62 | D94: 3.58 | E94: =SUM(B94+C94)*D94 -> 9.3796
A95: BACON | B95: 0 | C95: 0 | D95: 25.99 | E95: =SUM(B95+C95)*D95 -> 0
A96: LOMBO SALGADO | B96: 0 | C96: 5 | D96: 29.94 | E96: =SUM(B96+C96)*D96 -> 149.7
A97: COSTELINHA SALGADA | B97: 0 | C97: 6 | D97: 34.94 | E97: =SUM(B97+C97)*D97 -> 209.64
A98: LINGUIÇA FINA | B98: 0 | C98: 0 | D98: 19.88 | E98: =SUM(B98+C98)*D98 -> 0
A99: TORRESMO 1KG | B99: 0 | C99: 5.51 | D99: 58.22 | E99: =SUM(B99+C99)*D99 -> 320.7922
A100: LINGUIÇA CALABRESA | B100: 0 | C100: 4.95 | D100: 16.87 | E100: =SUM(B100+C100)*D100 -> 83.5065
A101: CARNE SECA | B101: 0 | C101: 7 | D101: 143.7 | E101: =SUM(B101+C101)*D101 -> 1005.9
A102: LINGUIÇA PAIO | B102: 0 | C102: 3 | D102: 21.99 | E102: =SUM(B102+C102)*D102 -> 65.97
A103: BARRIGA SUÍNA | B103: 0 | C103: 0 | D103: 29.75 | E103: =SUM(B103+C103)*D103 -> 0
A104: FAROFA PRONTA | B104: 0 | C104: 2.83 | D104: 9.8 | E104: =SUM(B104+C104)*D104 -> 27.734
... A106: MOQUECA DE BANANA | B106: 0 | C106: 2.45 | D106: 19.96 | E106: =SUM(B106+C106)*D106 -> 48.902
A107: TOTAL | E107: =SUM(E93:E106) -> 2117.1487
A110: PROCESSADOS | B110: PORÇÕES | C110: ESTOQUE/KG | D110: VALOR (R$) | E110: TOTAL (R$)
A111: BRIGADEIRO | B111: 1 | C111: 0 | D111: 23.42 | E111: =SUM(B111+C111)*D111 -> 23.42
A112: RECHE DE CAMARÃO | B112: 0 | C112: 0 | D112: 0 | E112: =SUM(B112+C112)*D112 -> 0
A113: CALDA DE CHOCOLATE (DO BOLO DE CENOURA) | B113: 0 | C113: 0 | D113: 0 | E113: =SUM(B113+C113)*D113 -> 0
A114: CALDA DE CHOCOLATE (DO BOLO DE CENOURA) | B114: 0 | C114: 0 | D114: 0 | E114: =SUM(B114+C114)*D114 -> 0
A115: TOTAL | E115: =SUM(E111:E114) -> 23.42
A117: TOTAL PORCIONADOS: | E117: =SUM(E115,E107,E90,E75,E65,E55) -> 3895.269

Sheet Molhos
A1: CONTROLE DE ESTOQUE MOLHOS BAR DO ZECA
A2: MOLHOS | B2: PORÇÕES | C2: ESTOQUE/KG | D2: VALOR (R$) | E2: TOTAL (R$)
A3: BARBECUE DE GOIABADA 600GR | B3: 8 | C3: 0 | D3: 17.08 | E3: =SUM(B3+C3)*D3 -> 136.64
A4: BOBO DE CAMARÃO 400gr | B4: 0 | C4: 4.93 | D4: 14.06 | E4: =SUM(B4+C4)*D4 -> 69.3158
A5: CALDO DE CAMARÃO | B5: 0 | C5: 0 | D5: 0 | E5: =SUM(B5+C5)*D5 -> 0
A6: CALDO DE CARNE | B6: 0 | C6: 1.85 | D6: 3 | E6: =SUM(B6+C6)*D6 -> 5.55
A7: CALDO DE COSTELA | B7: 0 | C7: 0 | D7: 0 | E7: =SUM(B7+C7)*D7 -> 0
A8: CALDO DE GALINHA | B8: 0 | C8: 0 | D8: 0 | E8: =SUM(B8+C8)*D8 -> 0
A9: CALDO DE FEIJÃO | B9: 0 | C9: 0 | D9: 2.42 | E9: =SUM(B9+C9)*D9 -> 0
A10: CALDO DE MOCOTÓ 250GR | B10: 0 | C10: 0 | D10: 2.99 | E10: =SUM(B10+C10)*D10 -> 0
A11: CALDO DE MOELA | B11: 0 | C11: 0 | D11: 3 | E11: =SUM(B11+C11)*D11 -> 0
A12: CALDO DE RABADA | B12: 0 | C12: 0 | D12: 0 | E12: =SUM(B12+C12)*D12 -> 0
A13: CALDO PERNIL | B13: 0 | C13: 0 | D13: 3 | E13: =SUM(B13+C13)*D13 -> 0
A14: CREME DE AIPIM(0,259G) | B14: 0 | C14: 0.69 | D14: 11 | E14: =SUM(B14+C14)*D14 -> 7.59
... A29: VINAGRETE | B29: 0 | C29: 0 | D29: 8.23 | E29: =SUM(B29+C29)*D29 -> 0
A30: TOTAL | E30: =SUM(E3:E29) -> 443.9293

Sheet Bebidas Álcoolicas
A1: CONTROLE DE ESTOQUE BEBIDAS BAR DO ZECA | L1: BEBIDAS PEDRO PACHECO
A2: BEBIDAS ALCOOLICAS | B2: ESTOQUE | C2: MEDIDA | D2: VALOR (R$) | E2: TOTAL (R$) | F2: PEDIDO | G2: VALOR DO PEDIDO | L2: AZUMA | O2: 0
A3: ANGOSTURA CARIBBEAN RUM | B3: 0 | C3: UND | D3: 152.9 | E3: =B3*D3 -> 0 | F3: 0 | G3: =B3*D3 -> 0 | L3: CAPEL | O3: 0
A4: APERITIVO FERNET AMARGO ASTECA (900ml) | B4: 0 | C4: UND | D4: 97.9 | E4: =B4*D4 -> 0 | F4: 0 | G4: =B4*D4 -> 0 | L4: NOILY PRAT | O4: 0
A5: APERITIVO FERNET BRANCA (750ml) | B5: 0 | C5: UND | D5: 89 | E5: =B5*D5 -> 0 | F5: 0 | G5: =B5*D5 -> 0 | L5: FERNET | O5: 0
A6: APERITIVO JAGERMEISTER (700ml) | B6: 0.9 | C6: UND | D6: 98 | E6: =B6*D6 -> 88.2 | F6: 0 | G6: =B6*D6 -> 88.2 | L6: PARA TUDO | O6: 0
A7: CINZANO V. ROSSO | B7: 0.8 | C7: UND | D7: 26.81 | E7: =B7*D7 -> 21.448 | F7: 0 | G7: =B7*D7 -> 21.448 | L7: YAGUARA | O7: 0
A8: APERITIVO APEROL (750ml) | B8: 20.8 | C8: UND | D8: 43.93 | E8: =B8*D8 -> 913.744 | F8: 0 | G8: =B8*D8 -> 913.744 | L8: SMIRNOFF FRUTADA | O8: 0
A9: APERITIVO CYNAR (900ml) | B9: 1.9 | C9: UND | D9: 17.35 | E9: =B9*D9 -> 32.965 | F9: 0 | G9: =B9*D9 -> 32.965 | L9: KETEL ONE BOTANICAL | O9: 0
A10: APERITIVO CAMPARI MILANO BITTER (900ml) | B10: 22.9 | C10: UND | D10: 47 | E10: =B10*D10 -> 1076.3 | F10: 0 | G10: =B10*D10 -> 1076.3 | L10: ABSOLUT ELIK | O10: 0
A11: APERITIVO PARATUDO (900ml) | B11: 0 | C11: UND | D11: 16 | E11: =B11*D11 -> 0 | F11: 0 | G11: =B11*D11 -> 0 | O11: 0
A12: APERITIVO UNDERBERG | B12: 0 | C12: UND | D12: 43.92 | E12: =B12*D12 -> 0 | F12: 0 | G12: =B12*D12 -> 0
A13: BITTER ANGOSTURA | B13: 0 | C13: UND | D13: 152.9 | E13: =B13*D13 -> 0 | F13: 0 | G13: =B13*D13 -> 0
A14: CACHAÇA 51 | B14: 0 | C14: UND | D14: 7.9067 | E14: =B14*D14 -> 0 | F14: 0 | G14: =B14*D14 -> 0
A15: CACHAÇA GABRIELA | B15: 9.5 | C15: UND | D15: 49.2 | E15: =B15*D15 -> 467.4 | F15: 0 | G15: =B15*D15 -> 467.4
A16: CACHAÇA BANANINHA | B16: 0.5 | C16: UND | D16: 39.9 | E16: =B16*D16 -> 19.95 | F16: 0 | G16: =B16*D16 -> 19.95
A17: CACHAÇA BOAZINHA (600ml) | B17: 0 | C17: UND | D17: 26.26 | E17: =B17*D17 -> 0 | F17: 0 | G17: =B17*D17 -> 0
A18: CACHAÇA COQUEIRO BANANA | B18: 0 | C18: UND | D18: 32 | E18: =B18*D18 -> 0 | F18: 0 | G18: =B18*D18 -> 0
A19: CACHAÇA CRIOULA (600ml) | B19: 0 | C19: UND | D19: 68.49 | E19: =B19*D19 -> 0 | F19: 0 | G19: =B19*D19 -> 0
A20: CACHAÇA DO ZECA | B20: 0 | C20: UND | D20: 17.6 | E20: =B20*D20 -> 0 | F20: 0 | G20: =B20*D20 -> 0
A21: CACHAÇA JAMBUZADA ABACAXI | B21: 0 | C21: UND | D21: 54.9 | E21: =B21*D21 -> 0 | F21: 0 | G21: =B21*D21 -> 0
A22: CACHAÇA JAMBUZADA JAMBU | B22: 0.5 | C22: UND | D22: 54.9 | E22: =B22*D22 -> 27.45 | F22: 0 | G22: =B22*D22 -> 27.45
A23: CACHAÇA JAMBUZADA BANANA | B23: 1 | C23: UND | D23: 54.9 | E23: =B23*D23 -> 54.9 | F23: 0 | G23: =B23*D23 -> 54.9
A24: CACHAÇA JAMBUZADA AÇAI | B24: 4 | C24: UND | D24: 54.9 | E24: =B24*D24 -> 219.6
A25: CACHAÇA JAMBUZADA PRATEADA | B25: 17 | C25: UND | D25: 54.9 | E25: =B25*D25 -> 933.3 | F25: 0 | G25: =B25*D25 -> 933.3
A26: CACHAÇA LEBLON SIGNATURE (375ml) | B26: 0 | C26: UND | D26: 41.1033 | E26: =B26*D26 -> 0 | F26: 0 | G26: =B26*D26 -> 0
A27: CACHAÇA LEBLON (750ml) | B27: 0 | C27: UND | D27: 46.15 | E27: =B27*D27 -> 0 | F27: 0 | G27: =B27*D27 -> 0
A28: CACHAÇA MARIBONDO (890ml) | B28: 0 | C28: UND | D28: 38.48 | E28: =B28*D28 -> 0 | F28: 0 | G28: =B28*D28 -> 0
A29: CACHAÇA MAGNIFICA PRATA | B29: 0 | C29: UND | D29: 36.22 | E29: =B29*D29 -> 0 | F29: 0 | G29: =B29*D29 -> 0
A30: CACHAÇA MAGNIFICA EXTRA PREMIUM | B30: 0 | C30: UND | D30: 94.4 | E30: =B30*D30 -> 0 | F30: 0 | G30: =B30*D30 -> 0
A31: CACHAÇA NEGA FULÔ CARVALHO (750ml) | B31: 0 | C31: UND | D31: 65.88 | E31: =B31*D31 -> 0 | F31: 0 | G31: =B31*D31 -> 0
A32: CACHAÇA SANTO GRAU PARATY (750ml) | B32: 0 | C32: UND | D32: 62.61 | E32: =B32*D32 -> 0 | F32: 0 | G32: =B32*D32 -> 0
A33: CACHAÇA SALINAS TRADICIONAL (600ml) | B33: 1.7 | C33: UND | D33: 34.99 | E33: =B33*D33 -> 59.483 | F33: 0 | G33: =B33*D33 -> 59.483
A34: CACHAÇA SAGATIBA PURA (700ml) | B34: 81 | C34: UND | D34: 25 | E34: =B34*D34 -> 2025 | F34: 0 | G34: =B34*D34 -> 2025
A35: CACHAÇA SELETA (600ml) | B35: 0 | C35: UND | D35: 31.61 | E35: =B35*D35 -> 0 | F35: 0 | G35: =B35*D35 -> 0
A36: CACHAÇA SOLEDADE 5 MADEIRAS | B36: 0 | C36: UND | D36: 81.9 | E36: =B36*D36 -> 0 | F36: 0 | G36: =B36*D36 -> 0
... A48: CERVEJA ANTARCTICA ORIGINAL (600ml) | B48: 545 | C48: UND | D48: 6.68 | E48: =B48*D48 -> 3640.6 | F48: 0 | G48: =B48*D48 -> 3640.6
A49: CERVEJA BRAHMA (600ml) | B49: 438 | C49: UND | D49: 6.36 | E49: =B49*D49 -> 2785.68
A50: CERVEJA BRAHMA DUPLO MALTE (330ml) | B50: 0 | C50: UND | D50: 3.29 | E50: =B50*D50 -> 0 | F50: 0 | G50: =B50*D50 -> 0
A51: CILINDROS | B51: 3 | C51: UND | D51: 122.75 | E51: =B51*D51 -> 368.25 | F51: 0 | G51: =B51*D51 -> 368.25
A52: CERVEJA BRAHMA DUPLO MALTE (600ml) | B52: 0 | C52: UND | D52: 4.89 | E52: =B52*D52 -> 0 | F52: 0 | G52: =B52*D52 -> 0
A53: CERVEJA BRAHMA MALZBEER LONG NECK (355ml) | B53: 0 | C53: UND | D53: 2.9358 | E53: =B53*D53 -> 0 | F53: 0 | G53: =B53*D53 -> 0
A54: CERVEJA BRAHMA ZERO ÁLCOOL LONG NECK (355ml) | B54: 0 | C54: UND | D54: 3.58 | E54: =B54*D54 -> 0 | F54: 0 | G54: =B54*D54 -> 0
A55: CERVEJA BECKS LONG NECK (330ml) | B55: 0 | C55: UND | D55: 4.1247 | E55: =B55*D55 -> 0 | F55: 0 | G55: =B55*D55 -> 0
A56: CERVEJA STELLA PURE GOLD LONG NECK (330ml) | B56: 47 | C56: UND | D56: 6.34 | E56: =B56*D56 -> 297.98 | F56: 0 | G56: =B56*D56 -> 297.98
A57: CERVEJA CARACU (350ml) | B57: 8 | C57: UND | D57: 3.48 | E57: =B57*D57 -> 27.84 | F57: 0 | G57: =B57*D57 -> 27.84
A58: CERVEJA CORONA LONG NECK (330ml) | B58: 76 | C58: UND | D58: 6.49 | E58: =B58*D58 -> 493.24 | F58: 0 | G58: =B58*D58 -> 493.24
A59: CERVEJA CORONA ZERO LONG NECK (330ml) | B59: 0 | C59: UND | D59: 6.38 | E59: =B59*D59 -> 0 | F59: 0 | G59: =B59*D59 -> 0
A60: CERVEJA STELLA LONG NECK (330ml) | B60: 0 | C60: UND | D60: 5.88 | E60: =B60*D60 -> 0 | F60: 0 | G60: =B60*D60 -> 0
A61: CERVEJA STELLA PURE GOLD 600ML | B61: 0 | C61: UND | D61: 9.17 | E61: =B61*D61 -> 0 | F61: 0 | G61: =B61*D61 -> 0
... A67: CERVEJA HEINEKEN 330 ML ZERO | B67: 80 | C67: UND | D67: 6.2 | E67: =B67*D67 -> 496 | F67: 0 | G67: =B67*D67 -> 496
A68: CERVEJA HEINEKEN 330 ML ULTIMATE | B68: 0 | C68: UND | D68: 6.23 | E68: =B68*D68 -> 0 | G68: =B68*D68 -> 0
A69: COGNAC HENNESSY VERY SPECIAL (700ml) | B69: 0 | C69: UND | D69: 299.66 | E69: =B69*D69 -> 0 | F69: 0 | G69: =B69*D69 -> 0
A70: COGNAC HENNESSY VSOP (700ml) | B70: 0 | C70: UND | D70: 289.9 | E70: =B70*D70 -> 0 | F70: 0 | G70: =B70*D70 -> 0
A71: CONHAQUE DOMECQ (1000ml) | B71: 1.5 | C71: UND | D71: 31.02 | E71: =B71*D71 -> 46.53 | F71: 0 | G71: =B71*D71 -> 46.53
A72: CONHAQUE HENNESSY ESPECIAL | B72: 0 | C72: UND | D72: 0 | E72: =B72*D72 -> 0 | F72: 0 | G72: =B72*D72 -> 0
A73: CONHAQUE HENNESSY | B73: 0 | C73: UND | D73: 289.9 | E73: =B73*D73 -> 0 | F73: 0 | G73: =B73*D73 -> 0
A74: CONHAQUE FUNDADOR ESPANHA (750ml) | B74: 0 | C74: LTS | D74: 89.84 | E74: =B74*D74 -> 0 | F74: 0 | G74: =B74*D74 -> 0
A75: CHOPP BRAHMA (50lts) | B75: 100 | C75: LTS | D75: 12.89 | E75: =B75*D75 -> 1289 | F75: 0 | G75: =B75*D75 -> 1289
A76: CHOPP AMSTEL (30LT) | B76: 200 | C76: UND | D76: 9.91 | E76: =B76*D76 -> 1982 | F76: 0 | G76: =B76*D76 -> 1982
A77: CHOPP HEINEKEN (30LT) | B77: 0 | C77: UND | D77: 13.73 | E77: =B77*D77 -> 0 | F77: 0 | G77: =B77*D77 -> 0
A78: ESPUMANTE SALTON | B78: 31 | C78: UND | D78: 29.67 | E78: =B78*D78 -> 919.77 | F78: 0 | G78: =B78*D78 -> 919.77
A79: ESPUMANTE SALTON 0/0% | B79: 5 | C79: UND | D79: 26.42 | E79: =B79*D79 -> 132.1 | F79: 0 | G79: =B79*D79 -> 132.1
A80: ESPUMANTE ATOS LICOROSO | B80: 1.8 | C80: UND | D80: 86.27 | E80: =B80*D80 -> 155.286 | F80: 0 | G80: =B80*D80 -> 155.286
... A97: GIN MARINA ROSE | B97: 0 | C97: UND | D97: 59.9 | E97: =B97*D97 -> 0 | F97: 0 | G97: =B97*D97 -> 0
A98: GIN MONKEY 47 (500ml) | B98: 0 | C98: UND | D98: 225.47 | E98: =B98*D98 -> 0 | G98: =B98*D98 -> 0
A99: GIN MUTATIS (700ml) | B99: 0 | C99: UND | D99: 70 | E99: =B99*D99 -> 0 | F99: 0 | G99: =B99*D99 -> 0
A100: GIN ARPO 5 LT | B100: 2 | C100: UND | D100: 222 | E100: =B100*D100 -> 444 | F100: 0 | G100: =B100*D100 -> 444
A101: GIN ARPO 750 ML | B101: 7.7 | C101: UND | D101: 56.6 | E101: =B101*D101 -> 435.82 | F101: 0 | G101: =B101*D101 -> 435.82
A102: GIN SEGREDO DE BAKKO | B102: 0 | C102: UND | D102: 233 | E102: =B102*D102 -> 0 | F102: 0 | G102: =B102*D102 -> 0
A103: GIN TANQUERAY FLOR DE SEVILLA (700ml) | B103: 0 | C103: UND | D103: 99.38 | E103: =B103*D103 -> 0 | F103: 0 | G103: =B103*D103 -> 0
A104: GIN TANQUERAY BOSSA NOVA (700ml) | B104: 3 | C104: UND | D104: 138.26 | E104: =B104*D104 -> 414.78 | F104: 0 | G104: =B104*D104 -> 414.78
A105: GIN TANQUERAY LONDON DRY (750ml) | B105: 5.1 | C105: UND | D105: 103.97 | E105: =B105*D105 -> 530.247 | F105: 0 | G105: =B105*D105 -> 530.247
A106: GIN TANQUERAY RANGPUR (700ml) | B106: 0 | C106: UND | D106: 89 | E106: =B106*D106 -> 0 | F106: 0 | G106: =B106*D106 -> 0
A107: GIN TANQUERAY TEN (750ml) | B107: 0 | C107: UND | D107: 163.42 | E107: =B107*D107 -> 0 | F107: 0 | G107: =B107*D107 -> 0
A108: GIN TANQUERAY ROYALE | B108: 5.5 | C108: UND | D108: 103.97 | E108: =B108*D108 -> 571.835 | F108: 0 | G108: =B108*D108 -> 571.835
A109: GIN THE BOTANIST | B109: 0 | C109: UND | D109: 68.3 | E109: =B109*D109 -> 0 | F109: 0 | G109: =B109*D109 -> 0
A110: GIN TUKÁ | B110: 22 | C110: UND | D110: 59.9 | E110: =B110*D110 -> 1317.8 | F110: 0 | G110: =B110*D110 -> 1317.8
... A133: PISCO LABEL (750ML) | B133: 0 | C133: UND | D133: 0 | E133: =B133*D133 -> 0 | F133: 0 | G133: =B133*D133 -> 0
A134: RUM BACCARAT | B134: 7.4 | C134: UND | D134: 46.07 | E134: =B134*D134 -> 340.918 | G134: =B134*D134 -> 340.918
A135: RUM BACARDÍ CARTA BRANCA (980ml) | B135: 3.4 | C135: UND | D135: 37.58 | E135: =B135*D135 -> 127.772 | F135: 0 | G135: =B135*D135 -> 127.772
A136: RUM BACARDÍ CARTA ORO (980ml) | B136: 1.6 | C136: UND | D136: 37.95 | E136: =B136*D136 -> 60.72 | F136: 0 | G136: =B136*D136 -> 60.72
A137: RUM BARCARDÍ 4 ANOS (750ml) | B137: 0 | C137: UND | D137: 125 | E137: =B137*D137 -> 0 | F137: 0 | G137: =B137*D137 -> 0
A138: RUM BARCARDÍ 8 ANOS (750ml) | B138: 0 | C138: UND | D138: 38.5 | E138: =B138*D138 -> 0 | F138: 0 | G138: =B138*D138 -> 0
A139: RUM APPLETON ESTATE SIGNATURE BLEND (700ml) | B139: 0 | C139: UND | D139: 126.38 | E139: =B139*D139 -> 0 | F139: 0 | G139: =B139*D139 -> 0
A140: RUM APPLETON ESTATE RARE BLEND 12 ANOS (700ml) | B140: 0 | C140: UND | D140: 140 | E140: =B140*D140 -> 0 | F140: 0 | G140: =B140*D140 -> 0
A141: RUM MALIBU (750ml) | B141: 0 | C141: UND | D141: 39.9 | E141: =B141*D141 -> 0 | F141: 0 | G141: =B141*D141 -> 0
A142: RUM SAILOR JERRY (700ml) | B142: 0 | C142: UND | D142: 112.59 | E142: =B142*D142 -> 0 | F142: 0 | G142: =B142*D142 -> 0
A143: RUM ZACAPA 23 ANOS (750ml) | B143: 0 | C143: UND | D143: 407.91 | E143: =B143*D143 -> 0 | F143: 0 | G143: =B143*D143 -> 0
A144: RUM ZACAPA CENTENÁRIO X.O (750ml) | B144: 0 | C144: UND | D144: 382.27 | E144: =B144*D144 -> 0 | F144: 0 | G144: =B144*D144 -> 0
A145: SAKÊ AZUMA KIRIN (740ml) | B145: 0 | C145: UND | D145: 32.99 | E145: =B145*D145 -> 0 | F145: 0 | G145: =B145*D145 -> 0
A146: TEQUILA EL JIMADOR PRATA | B146: 0 | C146: UND | D146: 90.02 | E146: =B146*D146 -> 0 | F146: 0 | G146: =B146*D146 -> 0
... A161: VODKA ABSOLUT PEARS (1lts) | B161: 0 | C161: UND | D161: 95.73 | E161: =B161*D161 -> 0 | F161: 0 | G161: =B161*D161 -> 0
A162: VODKA ABSOLUT ELYX (750ml) | B162: 0 | C162: UND | D162: 148.54 | E162: =B162*D162 -> 0 | G162: =B162*D162 -> 0
A163: VODKA ABSOLUT RASPBERRI | B163: 0 | C163: UND | D163: 72.04 | E163: =B163*D163 -> 0 | F163: 0 | G163: =B163*D163 -> 0
A164: VODKA GREY GOOSE ORIGINAL (750ml) | B164: 0 | C164: UND | D164: 108.99 | E164: =B164*D164 -> 0 | F164: 0 | G164: =B164*D164 -> 0
A165: VODKA GREY GOOSE LE CITRON | B165: 0 | C165: UND | D165: 95.73 | E165: =B165*D165 -> 0 | F165: 0 | G165: =B165*D165 -> 0
A166: VODKA GREY GOOSE L'ORANGE (750ml) | B166: 0 | C166: UND | D166: 101.32 | E166: =B166*D166 -> 0 | F166: 0 | G166: =B166*D166 -> 0
A167: VODKA GREY GOOSE LE POIRE (750ml) | B167: 0 | C167: UND | D167: 116.47 | E167: =B167*D167 -> 0 | F167: 0 | G167: =B167*D167 -> 0
A168: VODKA SMIRNOFF ICE | B168: 0 | C168: UND | D168: 5 | E168: =B168*D168 -> 0 | F168: 0 | G168: =B168*D168 -> 0
...

Sheet Bebidas não Álcoolicas
A1: BEBIDAS NÃO ALCOÓLICAS (ESTOQUE) | B1: ESTOQUE | C1: MEDIDA | D1: VALOR (R$) | E1: TOTAL (R$) | F1: PEDIDO | G1: VALOR DO PEDIDO
A2: ÁGUA SEM GÁS (1,5lts) | B2: 0 | C2: UND | D2: 3 | E2: =B2*D2 -> 0 | F2: 0 | G2: =D2*F2 -> 0
A3: ÁGUA COM GÁS 1,5 LT | B3: 0 | C3: UND | D3: 3 | E3: =B3*D3 -> 0 | F3: 0 | G3: =D3*F3 -> 0
A4: ÁGUA SEM GÁS (350ml) | B4: 235 | C4: UND | D4: 1.19 | E4: =B4*D4 -> 279.65 | F4: 0 | G4: =D4*F4 -> 0
A5: ÁGUA COM GÁS (350ml) | B5: 132 | C5: UND | D5: 1.19 | E5: =B5*D5 -> 157.08 | F5: 0 | G5: =D5*F5 -> 0
A6: ÁGUA DE COCO (200ml) | B6: 6 | C6: UND | D6: 2.08 | E6: =B6*D6 -> 12.48 | F6: 0 | G6: =D6*F6 -> 0
A7: ÁGUA DE COCO (1lts) | B7: 0 | C7: UND | D7: 7.68 | E7: =B7*D7 -> 0 | F7: 0 | G7: =D7*F7 -> 0
A8: COCA COLA 2LTS | B8: 0 | C8: UND | D8: 9.83 | E8: =B8*D8 -> 0 | F8: 0 | G8: =D8*F8 -> 0
A9: COCA COLA ZERO 2LTS | B9: 0 | C9: UND | D9: 9.83 | E9: =B9*D9 -> 0 | F9: 0 | G9: =D9*F9 -> 0
A10: COCA COLA KS | B10: 227 | C10: UND | D10: 2.25 | E10: =B10*D10 -> 510.75 | F10: 0 | G10: =D10*F10 -> 0
A11: COCA COLA ZERO KS | B11: 212 | C11: UND | D11: 2.25 | E11: =B11*D11 -> 477 | F11: 0 | G11: =D11*F11 -> 0
A12: COCA COLA LATA | B12: 0 | C12: UND | D12: 3.26 | E12: =B12*D12 -> 0 | F12: 0 | G12: =D12*F12 -> 0
A13: COCA COLA ZERO LATA | B13: 0 | C13: UND | D13: 3.26 | E13: =B13*D13 -> 0 | F13: 0 | G13: =D13*F13 -> 0
... A64: XAROPE MONIN MIJOTO | B64: 0 | C64: UND | D64: 67.86 | E64: =B64*D64 -> 0 | F64: 0 | G64: =D64*F64 -> 0
A65: XAROPE MONIN RASPBERRY | B65: 0 | C65: UND | D65: 67.86 | E65: =B65*D65 -> 0
A66: XAROPE MONIN ROMÃ | B66: 0 | C66: UND | D66: 67.86 | E66: =B66*D66 -> 0 | F66: 0 | G66: =D66*F66 -> 0
A67: XAROPE MONIN PIPOCA | B67: 0 | C67: UND | D67: 67.86 | E67: =B67*D67 -> 0 | F67: 0 | G67: =D67*F67 -> 0
A68: XAROPE MONIN SPICY MANGO (700ml) | B68: 1 | C68: UND | D68: 67.86 | E68: =B68*D68 -> 67.86 | F68: 0 | G68: =D68*F68 -> 0
A69: XAROPE MONIN CARAMEL BOTTEGA | B69: 0 | C69: UND | D69: 67.86 | E69: =B69*D69 -> 0 | F69: 0 | G69: =D69*F69 -> 0
A70: XAROPE MONIN VIOLETA (700ml) | B70: 0 | C70: UND | D70: 67.86 | E70: =B70*D70 -> 0 | F70: 0 | G70: =D70*F70 -> 0
A72: TOTAL BEBIDAS NÃO ALCOÓLICAS | E72: =SUM(E2:E70) -> 7234.546 | G72: =SUM(G17:G70) -> 0

Sheet Perda
A1: PERDAS
A2: Produto | B2: Quantidade | C2: Valor Unitario/kg | D2: Valor Total
B3: 0 | C3: 0 | D3: =B3*C3 -> 0
